doc_id,grid_acc,grid_ade,grid_fde,grid_transition_acc,token_f1
0,0.125,1.0088834764831844,1.4142135623730951,0.0,0.18181818181818182
1,0.125,1.0088834764831844,1.4142135623730951,0.0,0.36363636363636365
2,0.125,1.0088834764831844,1.4142135623730951,0.0,0.36363636363636365
3,0.0,1.0505501431498512,1.4142135623730951,0.0,0.36363636363636365
4,0.125,1.0088834764831844,1.4142135623730951,0.0,0.18181818181818182
5,0.0,0.36785113019775795,0.33333333333333337,0.2857142857142857,0.25
6,0.125,1.0088834764831844,1.4142135623730951,0.0,0.36363636363636365
7,0.125,1.0088834764831844,1.4142135623730951,0.0,0.18181818181818182
8,0.125,1.0088834764831844,1.4142135623730951,0.0,0.18181818181818182
9,0.125,1.0088834764831844,1.4142135623730951,0.0,0.5454545454545454
10,0.125,0.38511002862997024,0.33333333333333337,0.0,0.25
11,0.125,1.0088834764831844,1.4142135623730951,0.0,0.18181818181818182
12,0.125,1.0359785406445547,1.4142135623730951,0.0,0.18181818181818182
13,0.0,0.4440355937288492,0.33333333333333337,0.14285714285714285,0.375
14,0.0,1.0776452073112215,1.4142135623730951,0.0,0.36363636363636365
15,0.125,1.0088834764831844,1.4142135623730951,0.0,0.36363636363636365
16,0.125,1.0088834764831844,1.4142135623730951,0.0,0.36363636363636365
17,0.125,0.41220509279134043,0.47140452079103173,0.0,0.375
18,0.25,0.3607022603955159,0.47140452079103173,0.14285714285714285,0.375
19,0.25,0.9672168098165178,1.4142135623730951,0.14285714285714285,0.36363636363636365
20,0.25,0.3434433619633036,0.33333333333333337,0.14285714285714285,0.375
21,0.0,0.4020950641613702,0.33333333333333337,0.2857142857142857,0.375
22,0.125,1.0088834764831844,1.4142135623730951,0.0,0.36363636363636365
23,0.125,1.0088834764831844,1.4142135623730951,0.0,0.18181818181818182
24,0.25,0.9672168098165178,1.4142135623730951,0.14285714285714285,0.36363636363636365
25,0.0,1.060386308879009,1.4142135623730951,0.0,0.36363636363636365
26,0.125,0.47085679498940713,0.0,0.0,0.125
27,0.125,0.9672168098165178,1.4142135623730951,0.0,0.36363636363636365
28,0.125,1.0088834764831844,1.4142135623730951,0.0,0.18181818181818182
29,0.0,1.060386308879009,1.4142135623730951,0.0,0.18181818181818182
30,0.125,1.0261423749153968,1.4142135623730951,0.0,0.5454545454545454
31,0.0,1.0505501431498512,1.4142135623730951,0.0,0.36363636363636365
32,0.0,1.0505501431498512,1.4142135623730951,0.14285714285714285,0.5454545454545454
33,0.125,0.47085679498940713,0.0,0.0,0.125
34,0.125,0.47085679498940713,0.0,0.0,0.125
35,0.125,0.47085679498940713,0.0,0.0,0.125
36,0.125,0.47085679498940713,0.0,0.0,0.125
37,0.125,0.47085679498940713,0.0,0.0,0.125
38,0.125,0.34344336196330355,0.33333333333333337,0.0,0.125
39,0.125,0.47085679498940713,0.0,0.0,0.125
40,0.125,0.47085679498940713,0.0,0.0,0.125
41,0.125,0.47085679498940713,0.0,0.0,0.125
42,0.125,0.34344336196330355,0.33333333333333337,0.0,0.125
43,0.125,0.47085679498940713,0.0,0.0,0.125
44,0.125,0.47085679498940713,0.0,0.0,0.125
45,0.125,0.47085679498940713,0.0,0.0,0.125
46,0.125,0.47085679498940713,0.0,0.0,0.125
47,0.125,0.9672168098165178,1.4142135623730951,0.0,0.18181818181818182
48,0.0,1.0357046777437424,1.4142135623730951,0.0,0.0
49,0.125,0.47085679498940713,0.0,0.0,0.125
50,0.125,0.47085679498940713,0.0,0.0,0.125
51,0.125,1.0088834764831844,1.4142135623730951,0.0,0.18181818181818182
52,0.125,0.47085679498940713,0.0,0.0,0.125
53,0.125,0.47085679498940713,0.0,0.0,0.125
54,0.125,0.47085679498940713,0.0,0.0,0.125
55,0.125,0.47085679498940713,0.0,0.0,0.125
56,0.125,0.4193539625935825,0.33333333333333337,0.0,0.25
57,0.125,0.47085679498940713,0.0,0.0,0.125
58,0.125,0.34344336196330355,0.33333333333333337,0.0,0.125
59,0.125,0.34344336196330355,0.33333333333333337,0.0,0.125
60,0.125,0.43661286102579483,0.0,0.0,0.25
61,0.125,1.0088834764831844,1.4142135623730951,0.0,0.18181818181818182
62,0.0,0.529782360088286,0.33333333333333337,0.0,0.25
63,0.125,0.34344336196330355,0.33333333333333337,0.0,0.125
64,0.125,0.4535978965571948,0.33333333333333337,0.0,0.25
65,0.125,0.34344336196330355,0.33333333333333337,0.0,0.125
66,0.125,0.34344336196330355,0.33333333333333337,0.0,0.125
67,0.125,0.47085679498940713,0.0,0.0,0.125
68,0.125,0.47085679498940713,0.0,0.0,0.125
69,0.125,1.0088834764831844,1.4142135623730951,0.0,0.18181818181818182
70,0.125,0.47085679498940713,0.0,0.0,0.125
71,0.125,0.34344336196330355,0.33333333333333337,0.0,0.125
72,0.125,0.47085679498940713,0.0,0.0,0.125
73,0.0,0.5125234616560739,0.33333333333333337,0.0,0.25
74,0.125,0.34344336196330355,0.33333333333333337,0.0,0.125
75,0.125,0.47085679498940713,0.0,0.0,0.125
76,0.125,0.47085679498940713,0.0,0.0,0.125
77,0.125,0.9672168098165178,1.4142135623730951,0.0,0.18181818181818182
78,0.125,0.47085679498940713,0.33333333333333337,0.0,0.25
79,0.125,0.47085679498940713,0.0,0.0,0.125
80,0.125,0.47085679498940713,0.0,0.0,0.125
81,0.125,0.34344336196330355,0.33333333333333337,0.0,0.125
82,0.125,0.47085679498940713,0.0,0.0,0.125
83,0.125,0.47085679498940713,0.0,0.0,0.125
84,0.125,0.47085679498940713,0.0,0.0,0.125
85,0.125,0.47085679498940713,0.0,0.0,0.125
86,0.0,0.9425351786812511,1.4142135623730951,0.0,0.0
87,0.125,0.9672168098165178,1.4142135623730951,0.0,0.18181818181818182
88,0.125,0.47085679498940713,0.0,0.0,0.125
89,0.125,0.47085679498940713,0.0,0.0,0.125
90,0.125,0.47085679498940713,0.0,0.0,0.125
91,0.125,0.47085679498940713,0.0,0.0,0.125
92,0.125,0.47085679498940713,0.0,0.0,0.125
93,0.125,0.47085679498940713,0.0,0.0,0.125
94,0.0,0.529782360088286,0.33333333333333337,0.0,0.25
95,0.125,0.34344336196330355,0.33333333333333337,0.0,0.125
96,0.0,1.0357046777437424,1.4142135623730951,0.0,0.0
97,0.0,0.46102062926024917,0.33333333333333337,0.0,0.25
98,0.125,0.47085679498940713,0.0,0.0,0.125
99,0.125,0.47085679498940713,0.0,0.0,0.125
100,0.125,0.47085679498940713,0.0,0.0,0.125
101,0.125,0.47085679498940713,0.0,0.0,0.125
102,0.125,0.34344336196330355,0.33333333333333337,0.0,0.125
103,0.125,0.47085679498940713,0.0,0.0,0.125
104,0.125,0.47085679498940713,0.0,0.0,0.125
105,0.125,0.47085679498940713,0.0,0.0,0.125
106,0.125,0.47085679498940713,0.0,0.0,0.125
107,0.125,0.47085679498940713,0.0,0.0,0.125
108,0.125,0.9672168098165178,1.4142135623730951,0.0,0.18181818181818182
109,0.125,0.47085679498940713,0.0,0.0,0.125
110,0.125,0.47085679498940713,0.0,0.0,0.125
111,0.125,0.47085679498940713,0.0,0.0,0.125
112,0.125,0.34344336196330355,0.33333333333333337,0.0,0.125
113,0.125,0.47085679498940713,0.0,0.0,0.125
114,0.125,0.4193539625935825,0.33333333333333337,0.0,0.25
115,0.25,0.4020950641613702,0.0,0.14285714285714285,0.375
116,0.125,0.47085679498940713,0.0,0.0,0.125
117,0.125,0.47085679498940713,0.0,0.0,0.125
118,0.125,0.47085679498940713,0.0,0.0,0.125
119,0.125,0.47085679498940713,0.0,0.0,0.125
120,0.125,0.47085679498940713,0.0,0.0,0.125
121,0.25,0.36042839749470357,0.0,0.0,0.25
122,0.25,0.9255501431498512,1.4142135623730951,0.14285714285714285,0.36363636363636365
123,0.125,0.47085679498940713,0.0,0.0,0.125
124,0.25,0.9672168098165178,1.4142135623730951,0.14285714285714285,0.36363636363636365
125,0.125,1.0088834764831844,1.4142135623730951,0.0,0.18181818181818182
126,0.125,0.529782360088286,0.33333333333333337,0.0,0.125
127,0.125,0.47085679498940713,0.0,0.0,0.125
128,0.125,1.0088834764831844,1.4142135623730951,0.0,0.18181818181818182
129,0.125,0.47085679498940713,0.0,0.0,0.125
130,0.125,1.0088834764831844,1.4142135623730951,0.0,0.18181818181818182
131,0.125,1.0088834764831844,1.4142135623730951,0.0,0.18181818181818182
132,0.125,1.0088834764831844,1.4142135623730951,0.0,0.18181818181818182
133,0.125,1.0088834764831844,1.4142135623730951,0.0,0.18181818181818182
134,0.125,1.0088834764831844,1.4142135623730951,0.0,0.18181818181818182
135,0.125,1.0088834764831844,1.4142135623730951,0.0,0.18181818181818182
136,0.125,1.0088834764831844,1.4142135623730951,0.0,0.18181818181818182
137,0.125,1.0088834764831844,1.4142135623730951,0.0,0.18181818181818182
138,0.125,0.47085679498940713,0.0,0.0,0.125
139,0.125,0.5467673956196861,0.0,0.0,0.125
140,0.0,1.4142135623730951,1.4142135623730951,0.0,0.0
141,0.125,1.0088834764831844,1.4142135623730951,0.0,0.18181818181818182
142,0.125,0.47085679498940713,0.0,0.0,0.125
143,0.0,0.5125234616560739,0.33333333333333337,0.0,0.25
144,0.0,1.4142135623730951,1.4142135623730951,0.0,0.0
145,0.125,1.0088834764831844,1.4142135623730951,0.0,0.18181818181818182
146,0.125,0.47085679498940713,0.0,0.0,0.125
147,0.125,1.0088834764831844,1.4142135623730951,0.0,0.18181818181818182
148,0.125,1.0088834764831844,1.4142135623730951,0.0,0.18181818181818182
149,0.125,1.0088834764831844,1.4142135623730951,0.0,0.18181818181818182
150,0.125,1.0088834764831844,1.4142135623730951,0.0,0.18181818181818182
151,0.125,1.0088834764831844,1.4142135623730951,0.0,0.18181818181818182
152,0.125,0.47085679498940713,0.0,0.0,0.125
153,0.125,1.0088834764831844,1.4142135623730951,0.0,0.18181818181818182
154,0.125,1.0088834764831844,1.4142135623730951,0.0,0.18181818181818182
155,0.0,1.4142135623730951,1.4142135623730951,0.0,0.0
156,0.125,1.0088834764831844,1.4142135623730951,0.0,0.18181818181818182
157,0.125,0.47085679498940713,0.0,0.0,0.125
158,0.125,1.0088834764831844,1.4142135623730951,0.0,0.18181818181818182
159,0.125,1.0088834764831844,1.4142135623730951,0.0,0.18181818181818182
160,0.125,1.0088834764831844,1.4142135623730951,0.0,0.18181818181818182
161,0.125,1.0088834764831844,1.4142135623730951,0.0,0.18181818181818182
162,0.125,1.0088834764831844,1.4142135623730951,0.0,0.18181818181818182
163,0.125,1.0088834764831844,1.4142135623730951,0.0,0.18181818181818182
164,0.125,0.4952645632238615,0.0,0.14285714285714285,0.125
165,0.125,1.0088834764831844,1.4142135623730951,0.0,0.18181818181818182
166,0.125,1.0088834764831844,1.4142135623730951,0.0,0.18181818181818182
167,0.125,1.0088834764831844,1.4142135623730951,0.0,0.18181818181818182
168,0.125,0.47085679498940713,0.0,0.0,0.125
169,0.125,0.47085679498940713,0.0,0.0,0.125
170,0.0,1.0505501431498512,1.4142135623730951,0.0,0.18181818181818182
171,0.125,1.0088834764831844,1.4142135623730951,0.0,0.18181818181818182
172,0.125,1.0088834764831844,1.4142135623730951,0.0,0.18181818181818182
173,0.125,1.0088834764831844,1.4142135623730951,0.0,0.18181818181818182
174,0.0,1.4142135623730951,1.4142135623730951,0.0,0.0
175,0.125,1.0088834764831844,1.4142135623730951,0.0,0.18181818181818182
176,0.125,1.0088834764831844,1.4142135623730951,0.0,0.18181818181818182
177,0.125,1.0088834764831844,1.4142135623730951,0.0,0.18181818181818182
178,0.125,0.47085679498940713,0.0,0.0,0.125
179,0.125,0.9672168098165178,1.4142135623730951,0.0,0.36363636363636365
180,0.125,1.0088834764831844,1.4142135623730951,0.0,0.36363636363636365
181,0.125,0.47085679498940713,0.0,0.0,0.125
182,0.125,0.47085679498940713,0.0,0.0,0.125
183,0.125,0.47085679498940713,0.0,0.0,0.125
184,0.125,0.34344336196330355,0.33333333333333337,0.0,0.125
185,0.25,0.4291901283227405,0.0,0.0,0.25
186,0.125,0.34344336196330355,0.33333333333333337,0.0,0.125
187,0.125,0.34344336196330355,0.33333333333333337,0.0,0.125
188,0.125,0.47085679498940713,0.0,0.0,0.125
189,0.125,0.38511002862997024,0.33333333333333337,0.0,0.25
190,0.125,0.47085679498940713,0.33333333333333337,0.0,0.25
191,0.125,0.4291901283227404,0.0,0.0,0.25
192,0.125,0.34344336196330355,0.33333333333333337,0.0,0.125
193,0.0,0.4952645632238615,0.33333333333333337,0.0,0.25
194,0.125,0.34344336196330355,0.33333333333333337,0.0,0.125
195,0.125,0.34344336196330355,0.33333333333333337,0.0,0.125
196,0.125,0.47085679498940713,0.0,0.0,0.125
197,0.125,0.34344336196330355,0.33333333333333337,0.0,0.125
198,0.25,0.4119312298905282,0.0,0.0,0.25
199,0.125,0.34344336196330355,0.33333333333333337,0.0,0.125
200,0.125,0.34344336196330355,0.33333333333333337,0.0,0.125
201,0.125,0.37768729592691586,0.33333333333333337,0.0,0.25
202,0.125,0.34344336196330355,0.33333333333333337,0.0,0.125
203,0.125,0.47085679498940713,0.0,0.0,0.125
204,0.0,0.5125234616560739,0.33333333333333337,0.0,0.25
205,0.125,0.47085679498940713,0.0,0.0,0.125
206,0.125,0.34344336196330355,0.33333333333333337,0.0,0.125
207,0.125,0.34344336196330355,0.33333333333333337,0.0,0.125
208,0.125,0.34344336196330355,0.33333333333333337,0.0,0.125
209,0.125,0.47085679498940713,0.0,0.0,0.125
210,0.125,0.34344336196330355,0.33333333333333337,0.0,0.125
211,0.125,0.4535978965571948,0.33333333333333337,0.0,0.25
212,0.25,0.4291901283227405,0.0,0.0,0.25
213,0.125,0.47085679498940713,0.0,0.0,0.125
214,0.125,0.47085679498940713,0.0,0.0,0.125
215,0.125,0.47085679498940713,0.0,0.0,0.25
216,0.125,0.4535978965571948,0.0,0.0,0.25
217,0.125,0.37768729592691586,0.33333333333333337,0.0,0.25
218,0.125,0.37768729592691586,0.33333333333333337,0.0,0.25
219,0.0,0.5125234616560739,0.33333333333333337,0.0,0.25
220,0.125,0.47085679498940713,0.0,0.0,0.125
221,0.125,0.34344336196330355,0.33333333333333337,0.0,0.125
222,0.125,0.47085679498940713,0.0,0.0,0.125
223,0.125,0.34344336196330355,0.33333333333333337,0.0,0.125
224,0.125,0.4535978965571948,0.33333333333333337,0.0,0.25
225,0.125,0.4535978965571948,0.33333333333333337,0.0,0.25
226,0.125,0.34344336196330355,0.33333333333333337,0.0,0.125
227,0.125,0.34344336196330355,0.33333333333333337,0.0,0.125
228,0.0,0.529782360088286,0.33333333333333337,0.0,0.25
229,0.125,0.47085679498940713,0.0,0.0,0.125
230,0.125,0.9672168098165178,1.4142135623730951,0.0,0.18181818181818182
231,0.125,0.34344336196330355,0.33333333333333337,0.0,0.125
232,0.25,0.4119312298905281,0.0,0.0,0.25
233,0.125,0.37768729592691586,0.33333333333333337,0.0,0.25
234,0.125,0.47085679498940713,0.0,0.0,0.125
235,0.25,0.3946723314583158,0.0,0.0,0.25
236,0.125,0.34344336196330355,0.33333333333333337,0.0,0.125
237,0.125,0.4193539625935825,0.33333333333333337,0.0,0.25
238,0.25,0.4291901283227405,0.0,0.0,0.25
239,0.25,0.4119312298905281,0.0,0.0,0.25
240,0.125,0.34344336196330355,0.33333333333333337,0.0,0.125
241,0.125,0.34344336196330355,0.33333333333333337,0.0,0.125
242,0.125,0.34344336196330355,0.33333333333333337,0.0,0.125
243,0.125,0.47085679498940713,0.0,0.0,0.125
244,0.25,0.33602062926024917,0.0,0.0,0.25
245,0.125,0.47085679498940713,0.0,0.0,0.125
246,0.125,0.47085679498940713,0.0,0.0,0.125
247,0.125,0.34344336196330355,0.33333333333333337,0.0,0.125
248,0.25,0.37768729592691586,0.0,0.0,0.25
249,0.125,0.47085679498940713,0.0,0.0,0.125
250,0.125,0.47085679498940713,0.0,0.0,0.125
251,0.125,0.529782360088286,0.33333333333333337,0.0,0.125
252,0.125,0.9672168098165178,1.4142135623730951,0.0,0.18181818181818182
253,0.125,0.34344336196330355,0.33333333333333337,0.0,0.125
254,0.125,0.47085679498940713,0.0,0.0,0.125
255,0.125,0.47085679498940713,0.0,0.0,0.125
256,0.125,0.34344336196330355,0.33333333333333337,0.0,0.125
257,0.25,0.4119312298905281,0.0,0.0,0.25
258,0.125,0.529782360088286,0.33333333333333337,0.0,0.125
259,0.125,0.34344336196330355,0.33333333333333337,0.0,0.125
260,0.125,0.529782360088286,0.33333333333333337,0.0,0.125
261,0.125,0.4193539625935825,0.47140452079103173,0.0,0.125
262,0.125,0.47085679498940713,0.0,0.0,0.125
263,0.125,0.47085679498940713,0.0,0.0,0.125
264,0.125,0.37768729592691586,0.0,0.0,0.25
265,0.125,0.4366128610257948,0.0,0.0,0.25
266,0.125,0.34344336196330355,0.33333333333333337,0.0,0.125
267,0.0,0.6131156934216194,0.33333333333333337,0.0,0.0
268,0.125,0.47085679498940713,0.0,0.0,0.125
269,0.125,0.47085679498940713,0.0,0.0,0.125
270,0.125,0.34344336196330355,0.33333333333333337,0.0,0.125
271,0.125,0.34344336196330355,0.33333333333333337,0.0,0.125
272,0.125,0.47085679498940713,0.0,0.0,0.125
273,0.0,0.6131156934216194,0.33333333333333337,0.0,0.0
274,0.125,0.47085679498940713,0.0,0.0,0.125
275,0.125,0.4193539625935825,0.33333333333333337,0.0,0.25
276,0.125,0.34344336196330355,0.33333333333333337,0.0,0.125
277,0.0,0.6131156934216194,0.33333333333333337,0.0,0.0
278,0.125,0.4193539625935825,0.47140452079103173,0.0,0.125
279,0.125,0.47085679498940713,0.0,0.0,0.125
280,0.0,0.5125234616560739,0.33333333333333337,0.0,0.25
281,0.0,0.6131156934216194,0.33333333333333337,0.0,0.0
282,0.125,0.34344336196330355,0.33333333333333337,0.0,0.125
283,0.125,0.34344336196330355,0.33333333333333337,0.0,0.125
284,0.125,0.5051007289530194,0.33333333333333337,0.0,0.25
285,0.0,0.6131156934216194,0.33333333333333337,0.0,0.0
286,0.0,0.6131156934216194,0.33333333333333337,0.0,0.0
287,0.125,0.4023689270621825,0.0,0.0,0.25
288,0.125,0.47085679498940713,0.0,0.14285714285714285,0.25
289,0.125,0.47085679498940713,0.0,0.0,0.125
290,0.125,0.4193539625935825,0.47140452079103173,0.0,0.125
291,0.0,0.6131156934216194,0.33333333333333337,0.0,0.0
292,0.0,0.6131156934216194,0.33333333333333337,0.0,0.0
293,0.125,0.47085679498940713,0.0,0.0,0.125
294,0.125,0.34344336196330355,0.33333333333333337,0.0,0.125
295,0.125,0.47085679498940713,0.0,0.0,0.125
296,0.125,0.34344336196330355,0.33333333333333337,0.0,0.125
297,0.0,1.4142135623730951,1.4142135623730951,0.0,0.0
298,0.125,0.47085679498940713,0.0,0.0,0.125
299,0.125,0.47085679498940713,0.0,0.0,0.125
300,0.125,0.47085679498940713,0.0,0.0,0.125
301,0.125,0.47085679498940713,0.0,0.0,0.125
302,0.0,1.4142135623730951,1.4142135623730951,0.0,0.0
303,0.125,1.0088834764831844,1.4142135623730951,0.0,0.36363636363636365
304,0.125,0.34344336196330355,0.33333333333333337,0.0,0.125
305,0.125,0.47085679498940713,0.0,0.0,0.125
306,0.25,0.30177669529663687,0.0,0.0,0.25
307,0.0,0.38511002862997024,0.33333333333333337,0.0,0.25
308,0.125,0.47085679498940713,0.0,0.0,0.125
309,0.125,0.47085679498940713,0.0,0.0,0.125
310,0.125,0.47085679498940713,0.0,0.0,0.125
311,0.125,0.47085679498940713,0.0,0.0,0.125
312,0.125,0.47085679498940713,0.0,0.0,0.125
313,0.125,1.0088834764831844,1.4142135623730951,0.0,0.18181818181818182
314,0.125,0.47085679498940713,0.0,0.0,0.125
315,0.125,0.47085679498940713,0.0,0.0,0.125
316,0.125,0.47085679498940713,0.0,0.0,0.125
317,0.0,1.4142135623730951,1.4142135623730951,0.0,0.0
318,0.125,0.47085679498940713,0.0,0.0,0.125
319,0.125,0.47085679498940713,0.0,0.0,0.125
320,0.125,0.47085679498940713,0.0,0.0,0.125
321,0.125,0.47085679498940713,0.0,0.0,0.125
322,0.125,0.47085679498940713,0.0,0.0,0.125
323,0.125,0.47085679498940713,0.0,0.0,0.125
324,0.125,0.7731812160876685,1.4142135623730951,0.0,0.15384615384615385
325,0.125,0.47085679498940713,0.0,0.0,0.125
326,0.125,0.3434433619633036,0.33333333333333337,0.0,0.25
327,0.125,0.34344336196330355,0.33333333333333337,0.0,0.125
328,0.125,0.47085679498940713,0.0,0.0,0.125
329,0.125,0.34344336196330355,0.33333333333333337,0.0,0.125
330,0.125,0.47085679498940713,0.0,0.0,0.125
331,0.125,0.43661286102579483,0.0,0.0,0.25
332,0.125,0.47085679498940713,0.33333333333333337,0.0,0.25
333,0.125,0.47085679498940713,0.0,0.0,0.125
334,0.125,0.47085679498940713,0.0,0.0,0.125
335,0.125,0.47085679498940713,0.0,0.0,0.125
336,0.125,0.34344336196330355,0.33333333333333337,0.0,0.125
337,0.25,0.30177669529663687,0.0,0.0,0.25
338,0.125,0.47085679498940713,0.0,0.0,0.125
339,0.125,0.34344336196330355,0.33333333333333337,0.0,0.125
340,0.125,0.4538717594580072,0.0,0.0,0.25
341,0.125,0.47085679498940713,0.0,0.0,0.125
342,0.125,0.34344336196330355,0.33333333333333337,0.0,0.125
343,0.125,0.47085679498940713,0.0,0.0,0.125
344,0.125,0.34344336196330355,0.33333333333333337,0.0,0.125
345,0.125,0.7731812160876685,1.4142135623730951,0.0,0.15384615384615385
346,0.125,0.47085679498940713,0.0,0.0,0.125
347,0.125,0.47085679498940713,0.0,0.0,0.125
348,0.125,0.4538717594580072,0.0,0.0,0.25
349,0.125,0.4535978965571948,0.33333333333333337,0.0,0.25
350,0.125,0.34344336196330355,0.33333333333333337,0.0,0.125
351,0.125,0.47085679498940713,0.0,0.0,0.125
352,0.125,0.47085679498940713,0.0,0.0,0.125
353,0.125,0.47085679498940713,0.0,0.0,0.125
354,0.125,0.47085679498940713,0.0,0.0,0.125
355,0.125,0.34344336196330355,0.33333333333333337,0.0,0.125
356,0.125,0.47085679498940713,0.0,0.0,0.125
357,0.125,0.47085679498940713,0.0,0.0,0.125
358,0.125,0.37768729592691586,0.33333333333333337,0.0,0.25
359,0.125,0.529782360088286,0.33333333333333337,0.0,0.125
360,0.125,0.47085679498940713,0.0,0.0,0.125
361,0.125,0.47085679498940713,0.0,0.0,0.125
362,0.125,0.4193539625935825,0.33333333333333337,0.0,0.25
363,0.0,1.4142135623730951,1.4142135623730951,0.0,0.0
364,0.125,1.0088834764831844,1.4142135623730951,0.0,0.18181818181818182
365,0.125,1.0088834764831844,1.4142135623730951,0.0,0.18181818181818182
366,0.125,0.47085679498940713,0.0,0.0,0.125
367,0.125,1.0088834764831844,1.4142135623730951,0.0,0.18181818181818182
368,0.125,1.0088834764831844,1.4142135623730951,0.0,0.18181818181818182
369,0.125,1.0088834764831844,1.4142135623730951,0.0,0.18181818181818182
370,0.125,1.0088834764831844,1.4142135623730951,0.0,0.18181818181818182
371,0.125,1.0088834764831844,1.4142135623730951,0.0,0.18181818181818182
372,0.125,0.47085679498940713,0.0,0.0,0.125
373,0.125,1.0088834764831844,1.4142135623730951,0.0,0.18181818181818182
374,0.125,0.47085679498940713,0.0,0.0,0.125
375,0.125,0.47085679498940713,0.0,0.0,0.125
376,0.125,1.0088834764831844,1.4142135623730951,0.0,0.18181818181818182
377,0.125,1.0088834764831844,1.4142135623730951,0.0,0.18181818181818182
378,0.125,1.0088834764831844,1.4142135623730951,0.0,0.18181818181818182
379,0.125,1.0088834764831844,1.4142135623730951,0.0,0.18181818181818182
380,0.125,0.47085679498940713,0.0,0.0,0.125
381,0.125,1.0088834764831844,1.4142135623730951,0.0,0.36363636363636365
382,0.125,1.0187196422123423,1.4142135623730951,0.0,0.18181818181818182
383,0.125,0.47085679498940713,0.33333333333333337,0.14285714285714285,0.25
384,0.125,0.4610206292602492,0.33333333333333337,0.14285714285714285,0.25
385,0.125,1.0088834764831844,1.4142135623730951,0.0,0.18181818181818182
386,0.125,1.0187196422123423,1.4142135623730951,0.0,0.18181818181818182
387,0.125,0.4610206292602492,0.33333333333333337,0.14285714285714285,0.25
388,0.25,0.9672168098165178,1.4142135623730951,0.14285714285714285,0.36363636363636365
389,0.125,1.0187196422123423,1.4142135623730951,0.0,0.18181818181818182
390,0.125,0.47085679498940713,0.33333333333333337,0.14285714285714285,0.25
391,0.25,0.4291901283227405,0.0,0.14285714285714285,0.25
392,0.0,0.529782360088286,0.33333333333333337,0.0,0.25
393,0.125,0.47085679498940713,0.0,0.0,0.125
394,0.125,1.0187196422123423,1.4142135623730951,0.0,0.18181818181818182
395,0.125,1.0187196422123423,1.4142135623730951,0.0,0.18181818181818182
396,0.125,0.4610206292602492,0.0,0.14285714285714285,0.25
397,0.0,0.5125234616560739,0.33333333333333337,0.14285714285714285,0.25
398,0.125,1.0187196422123423,1.4142135623730951,0.0,0.18181818181818182
399,0.0,0.502687295926916,0.33333333333333337,0.14285714285714285,0.25
400,0.125,0.4610206292602492,0.33333333333333337,0.14285714285714285,0.25
401,0.0,1.0505501431498512,1.4142135623730951,0.0,0.36363636363636365
402,0.125,0.47085679498940713,0.0,0.0,0.125
403,0.125,0.9672168098165178,1.4142135623730951,0.0,0.18181818181818182
404,0.125,1.0187196422123423,1.4142135623730951,0.0,0.18181818181818182
405,0.125,1.0088834764831844,1.4142135623730951,0.0,0.18181818181818182
406,0.125,1.0088834764831844,1.4142135623730951,0.0,0.18181818181818182
407,0.125,1.0187196422123423,1.4142135623730951,0.0,0.18181818181818182
408,0.125,1.0088834764831844,1.4142135623730951,0.0,0.18181818181818182
409,0.125,0.4610206292602492,0.33333333333333337,0.14285714285714285,0.25
410,0.125,1.0187196422123423,1.4142135623730951,0.0,0.18181818181818182
411,0.125,0.47085679498940713,0.0,0.0,0.125
412,0.125,1.0187196422123423,1.4142135623730951,0.0,0.18181818181818182
413,0.125,1.0088834764831844,1.4142135623730951,0.0,0.36363636363636365
414,0.125,1.0187196422123423,1.4142135623730951,0.0,0.18181818181818182
415,0.125,0.9672168098165178,1.4142135623730951,0.0,0.18181818181818182
416,0.125,0.47085679498940713,0.33333333333333337,0.14285714285714285,0.25
417,0.125,1.0187196422123423,1.4142135623730951,0.0,0.18181818181818182
418,0.125,0.4610206292602492,0.33333333333333337,0.14285714285714285,0.25
419,0.125,0.4610206292602492,0.33333333333333337,0.14285714285714285,0.25
420,0.0,0.502687295926916,0.33333333333333337,0.14285714285714285,0.25
421,0.0,1.0776452073112215,1.4142135623730951,0.0,0.0
422,0.0,0.502687295926916,0.33333333333333337,0.14285714285714285,0.25
423,0.125,0.47085679498940713,0.0,0.14285714285714285,0.25
424,0.125,1.0187196422123423,1.4142135623730951,0.0,0.18181818181818182
425,0.0,1.0505501431498512,1.4142135623730951,0.0,0.36363636363636365
426,0.125,0.47085679498940713,0.0,0.0,0.125
427,0.125,0.4610206292602492,0.33333333333333337,0.14285714285714285,0.25
428,0.125,0.4610206292602492,0.33333333333333337,0.14285714285714285,0.25
429,0.125,1.0088834764831844,1.4142135623730951,0.0,0.36363636363636365
430,0.125,0.9672168098165178,1.4142135623730951,0.0,0.36363636363636365
431,0.125,1.0187196422123423,1.4142135623730951,0.0,0.18181818181818182
432,0.125,1.0187196422123423,1.4142135623730951,0.0,0.18181818181818182
433,0.125,0.47085679498940713,0.0,0.0,0.125
434,0.125,1.0187196422123423,1.4142135623730951,0.0,0.18181818181818182
435,0.125,1.0187196422123423,1.4142135623730951,0.0,0.18181818181818182
436,0.125,0.47085679498940713,0.33333333333333337,0.14285714285714285,0.25
437,0.0,0.4782795276924615,0.33333333333333337,0.0,0.25
438,0.0,0.502687295926916,0.33333333333333337,0.14285714285714285,0.25
439,0.125,0.3607022603955159,0.33333333333333337,0.0,0.25
440,0.125,0.4610206292602492,0.33333333333333337,0.14285714285714285,0.25
441,0.0,0.5026872959269159,0.33333333333333337,0.2857142857142857,0.25
442,0.125,1.0088834764831844,1.4142135623730951,0.0,0.18181818181818182
443,0.125,0.47085679498940713,0.0,0.0,0.125
444,0.125,0.4610206292602492,0.0,0.14285714285714285,0.25
445,0.125,0.4610206292602492,0.33333333333333337,0.14285714285714285,0.25
446,0.125,0.47085679498940713,0.33333333333333337,0.14285714285714285,0.25
447,0.125,0.47085679498940713,0.0,0.0,0.125
448,0.125,1.0187196422123423,1.4142135623730951,0.0,0.18181818181818182
449,0.125,0.47085679498940713,0.0,0.0,0.125
450,0.125,0.4610206292602492,0.33333333333333337,0.14285714285714285,0.25
451,0.125,0.9672168098165178,1.4142135623730951,0.0,0.36363636363636365
452,0.125,1.0088834764831844,1.4142135623730951,0.0,0.36363636363636365
453,0.0,0.5125234616560739,0.33333333333333337,0.14285714285714285,0.25
454,0.0,0.5125234616560739,0.33333333333333337,0.14285714285714285,0.25
455,0.0,0.502687295926916,0.33333333333333337,0.14285714285714285,0.25
456,0.125,1.0187196422123423,1.4142135623730951,0.0,0.18181818181818182
457,0.0,0.502687295926916,0.33333333333333337,0.14285714285714285,0.25
458,0.0,0.502687295926916,0.33333333333333337,0.14285714285714285,0.25
459,0.125,0.47085679498940713,0.33333333333333337,0.14285714285714285,0.25
460,0.0,0.4538717594580071,0.33333333333333337,0.0,0.25
461,0.125,0.9844757082487301,1.4142135623730951,0.0,0.36363636363636365
462,0.125,0.47085679498940713,0.33333333333333337,0.14285714285714285,0.25
463,0.125,0.4610206292602492,0.33333333333333337,0.14285714285714285,0.25
464,0.125,1.0187196422123423,1.4142135623730951,0.0,0.18181818181818182
465,0.125,0.4881156934216194,0.0,0.0,0.25
466,0.125,0.9672168098165178,1.4142135623730951,0.0,0.18181818181818182
467,0.0,0.5125234616560739,0.33333333333333337,0.14285714285714285,0.25
468,0.125,0.48069296071856504,0.0,0.14285714285714285,0.25
469,0.0,1.0776452073112215,1.4142135623730951,0.0,0.36363636363636365
470,0.125,1.0187196422123423,1.4142135623730951,0.0,0.18181818181818182
471,0.125,1.0088834764831844,1.4142135623730951,0.0,0.18181818181818182
472,0.125,1.0187196422123423,1.4142135623730951,0.0,0.36363636363636365
473,0.125,1.0187196422123423,1.4142135623730951,0.0,0.36363636363636365
474,0.125,1.0187196422123423,1.4142135623730951,0.0,0.18181818181818182
475,0.125,1.0187196422123423,1.4142135623730951,0.0,0.18181818181818182
476,0.125,1.0088834764831844,1.4142135623730951,0.0,0.18181818181818182
477,0.125,1.0088834764831844,1.4142135623730951,0.0,0.18181818181818182
478,0.125,1.0088834764831844,1.4142135623730951,0.0,0.18181818181818182
479,0.125,1.0088834764831844,1.4142135623730951,0.0,0.18181818181818182
480,0.125,1.0187196422123423,1.4142135623730951,0.0,0.18181818181818182
481,0.125,1.0088834764831844,1.4142135623730951,0.0,0.18181818181818182
482,0.125,1.0187196422123423,1.4142135623730951,0.0,0.18181818181818182
483,0.125,1.0187196422123423,1.4142135623730951,0.0,0.18181818181818182
484,0.125,1.0088834764831844,1.4142135623730951,0.0,0.18181818181818182
485,0.125,1.0088834764831844,1.4142135623730951,0.0,0.18181818181818182
486,0.125,1.0088834764831844,1.4142135623730951,0.0,0.18181818181818182
487,0.125,1.0088834764831844,1.4142135623730951,0.0,0.18181818181818182
488,0.125,1.0187196422123423,1.4142135623730951,0.0,0.18181818181818182
489,0.125,0.47085679498940713,0.0,0.0,0.125
490,0.0,1.0678090415820636,1.4142135623730951,0.0,0.0
491,0.125,1.0088834764831844,1.4142135623730951,0.0,0.18181818181818182
492,0.125,0.47085679498940713,0.0,0.0,0.125
493,0.125,1.0088834764831844,1.4142135623730951,0.0,0.18181818181818182
494,0.0,1.060386308879009,1.4142135623730951,0.0,0.36363636363636365
495,0.125,1.0187196422123423,1.4142135623730951,0.0,0.36363636363636365
496,0.125,1.0088834764831844,1.4142135623730951,0.0,0.18181818181818182
497,0.125,1.0088834764831844,1.4142135623730951,0.0,0.18181818181818182
498,0.125,1.0088834764831844,1.4142135623730951,0.0,0.18181818181818182
499,0.125,1.0187196422123423,1.4142135623730951,0.0,0.18181818181818182
500,0.25,0.4291901283227405,0.0,0.14285714285714285,0.25
501,0.125,0.47085679498940713,0.0,0.0,0.125
502,0.125,1.0088834764831844,1.4142135623730951,0.0,0.18181818181818182
503,0.125,0.47085679498940713,0.0,0.0,0.125
504,0.125,1.0088834764831844,1.4142135623730951,0.0,0.18181818181818182
505,0.0,1.060386308879009,1.4142135623730951,0.0,0.36363636363636365
506,0.25,0.9672168098165178,1.4142135623730951,0.14285714285714285,0.36363636363636365
507,0.125,1.0088834764831844,1.4142135623730951,0.0,0.18181818181818182
508,0.125,1.0187196422123423,1.4142135623730951,0.0,0.36363636363636365
509,0.125,1.0088834764831844,1.4142135623730951,0.0,0.18181818181818182
510,0.0,1.0776452073112215,1.4142135623730951,0.0,0.18181818181818182
511,0.125,1.0088834764831844,1.4142135623730951,0.0,0.18181818181818182
512,0.125,1.0088834764831844,1.4142135623730951,0.0,0.36363636363636365
513,0.125,1.0088834764831844,1.4142135623730951,0.0,0.36363636363636365
514,0.125,0.34344336196330355,0.33333333333333337,0.0,0.11764705882352941
515,0.125,0.37768729592691586,0.33333333333333337,0.0,0.25
516,0.125,0.34344336196330355,0.33333333333333337,0.0,0.125
517,0.125,1.0088834764831844,1.4142135623730951,0.0,0.18181818181818182
518,0.125,1.0088834764831844,1.4142135623730951,0.0,0.18181818181818182
519,0.125,1.0088834764831844,1.4142135623730951,0.0,0.36363636363636365
520,0.0,0.5125234616560739,0.33333333333333337,0.0,0.25
521,0.25,0.37768729592691586,0.0,0.0,0.25
522,0.125,0.45359789655719485,0.0,0.0,0.25
523,0.125,0.4363389981249825,0.33333333333333337,0.0,0.35294117647058826
524,0.125,0.34344336196330355,0.33333333333333337,0.0,0.125
525,0.125,1.0088834764831844,1.4142135623730951,0.0,0.36363636363636365
526,0.125,1.0088834764831844,1.4142135623730951,0.0,0.18181818181818182
527,0.125,1.0088834764831844,1.4142135623730951,0.0,0.18181818181818182
528,0.0,1.0505501431498512,1.4142135623730951,0.0,0.36363636363636365
529,0.125,1.0088834764831844,1.4142135623730951,0.0,0.18181818181818182
530,0.125,1.0088834764831844,1.4142135623730951,0.0,0.18181818181818182
531,0.125,0.9672168098165178,1.4142135623730951,0.0,0.36363636363636365
532,0.125,0.9672168098165178,1.4142135623730951,0.0,0.36363636363636365
533,0.125,0.9672168098165178,1.4142135623730951,0.0,0.36363636363636365
534,0.125,0.39494619435912814,0.33333333333333337,0.14285714285714285,0.375
535,0.125,0.5053745918538317,0.0,0.0,0.375
536,0.0,1.4142135623730951,1.4142135623730951,0.0,0.0
537,0.125,1.0088834764831844,1.4142135623730951,0.0,0.36363636363636365
538,0.125,1.0359785406445547,1.4142135623730951,0.0,0.18181818181818182
539,0.125,1.060386308879009,1.4142135623730951,0.0,0.36363636363636365
540,0.0,1.0678090415820636,1.4142135623730951,0.0,0.36363636363636365
541,0.0,1.1020529755456758,1.4142135623730951,0.0,0.5454545454545454
542,0.125,1.0088834764831844,1.4142135623730951,0.0,0.18181818181818182
543,0.0,1.0505501431498512,1.4142135623730951,0.14285714285714285,0.36363636363636365
544,0.25,0.9672168098165178,1.4142135623730951,0.14285714285714285,0.36363636363636365
545,0.25,0.38511002862997024,0.0,0.0,0.625
546,0.0,1.4142135623730951,1.4142135623730951,0.0,0.0
547,0.125,0.4437617308280369,0.0,0.14285714285714285,0.625
548,0.0,1.4142135623730951,1.4142135623730951,0.0,0.0
549,0.125,1.060386308879009,1.4142135623730951,0.0,0.36363636363636365
550,0.0,1.0505501431498512,1.4142135623730951,0.14285714285714285,0.18181818181818182
551,0.0,1.0505501431498512,1.4142135623730951,0.0,0.36363636363636365
552,0.25,0.46343406228635275,0.0,0.14285714285714285,0.375
553,0.25,0.37768729592691586,0.0,0.14285714285714285,0.625
554,0.125,1.0261423749153968,1.4142135623730951,0.0,0.36363636363636365
555,0.125,0.4681694990624913,0.0,0.14285714285714285,0.5
556,0.0,1.2127552359411915,1.4142135623730951,0.0,0.0
557,0.125,0.38511002862997024,0.33333333333333337,0.14285714285714285,0.5
558,0.0,1.0505501431498512,1.4142135623730951,0.0,0.36363636363636365
559,0.0,1.4142135623730951,1.4142135623730951,0.0,0.0
560,0.0,1.1118891412748337,1.4142135623730951,0.0,0.5454545454545454
561,0.125,0.4267766952966369,0.0,0.0,0.625
562,0.0,1.0678090415820636,1.4142135623730951,0.0,0.36363636363636365
563,0.125,1.0088834764831844,1.4142135623730951,0.0,0.5454545454545454
564,0.0,1.0678090415820636,1.4142135623730951,0.0,0.36363636363636365
565,0.0,1.1020529755456758,1.4142135623730951,0.0,0.5454545454545454
566,0.125,0.4955384261246738,0.0,0.0,0.375
567,0.0,1.0678090415820636,1.4142135623730951,0.0,0.18181818181818182
568,0.0,1.4142135623730951,1.4142135623730951,0.0,0.0
569,0.25,0.9672168098165178,1.4142135623730951,0.14285714285714285,0.36363636363636365
570,0.0,1.4142135623730951,1.4142135623730951,0.0,0.0
571,0.0,1.0505501431498512,1.4142135623730951,0.0,0.18181818181818182
572,0.0,0.5616128610257949,0.33333333333333337,0.14285714285714285,0.25
573,0.0,1.0678090415820636,1.4142135623730951,0.0,0.5454545454545454
574,0.0,1.178237439076767,1.4142135623730951,0.0,0.0
575,0.0,1.0505501431498512,1.4142135623730951,0.0,0.36363636363636365
576,0.0,1.0678090415820636,1.4142135623730951,0.0,0.36363636363636365
577,0.0,1.4142135623730951,1.4142135623730951,0.0,0.0
578,0.0,1.060386308879009,1.4142135623730951,0.0,0.18181818181818182
579,0.0,1.0505501431498512,1.4142135623730951,0.0,0.36363636363636365
580,0.0,1.0850679400142758,1.4142135623730951,0.14285714285714285,0.36363636363636365
581,0.125,1.060386308879009,1.4142135623730951,0.0,0.36363636363636365
582,0.0,1.4142135623730951,1.4142135623730951,0.0,0.0
583,0.0,1.1020529755456758,1.4142135623730951,0.0,0.18181818181818182
584,0.125,0.4291901283227404,0.0,0.0,0.625
585,0.0,1.0261423749153966,1.4142135623730951,0.0,0.36363636363636365
586,0.0,1.0776452073112215,1.4142135623730951,0.0,0.36363636363636365
587,0.125,0.43661286102579483,0.47140452079103173,0.0,0.25
588,0.125,1.0359785406445547,1.4142135623730951,0.0,0.36363636363636365
589,0.0,1.060386308879009,1.4142135623730951,0.0,0.18181818181818182
590,0.0,1.119311873977888,1.4142135623730951,0.0,0.36363636363636365
591,0.0,1.060386308879009,1.4142135623730951,0.0,0.18181818181818182
592,0.0,1.1020529755456758,1.4142135623730951,0.0,0.36363636363636365
593,0.125,1.1439935051131547,1.4142135623730951,0.0,0.2
594,0.125,0.4782795276924615,0.47140452079103173,0.2857142857142857,0.375
595,0.125,0.42677669529663687,0.33333333333333337,0.0,0.375
596,0.0,1.0678090415820636,1.4142135623730951,0.0,0.18181818181818182
597,0.0,1.092216809816518,1.4142135623730951,0.0,0.5454545454545454
598,0.0,1.4142135623730951,1.4142135623730951,0.0,0.0
599,0.125,1.070222474608167,1.4142135623730951,0.0,0.36363636363636365
600,0.25,0.9672168098165178,1.4142135623730951,0.14285714285714285,0.36363636363636365
601,0.125,0.4634340622863527,0.33333333333333337,0.0,0.375
602,0.0,1.119311873977888,1.4142135623730951,0.0,0.36363636363636365
603,0.0,0.5470412585204983,0.33333333333333337,0.0,0.375
604,0.125,0.4511844635310913,0.0,0.14285714285714285,0.375
605,0.0,1.1020529755456758,1.4142135623730951,0.0,0.36363636363636365
606,0.0,1.1856601717798214,1.4142135623730951,0.0,0.0
607,0.25,0.37768729592691586,0.33333333333333337,0.0,0.625
608,0.125,1.060386308879009,1.4142135623730951,0.0,0.5454545454545454
609,0.125,1.060386308879009,1.4142135623730951,0.0,0.36363636363636365
610,0.125,0.5125234616560738,0.0,0.0,0.5
611,0.25,0.40209506416137025,0.33333333333333337,0.0,0.25
612,0.125,0.4437617308280369,0.33333333333333337,0.0,0.375
613,0.125,0.4955384261246738,0.33333333333333337,0.14285714285714285,0.25
614,0.25,0.33602062926024917,0.0,0.0,0.25
615,0.125,0.4610206292602492,0.47140452079103173,0.0,0.25
616,0.125,0.41220509279134043,0.33333333333333337,0.14285714285714285,0.5
617,0.0,1.4142135623730951,1.4142135623730951,0.0,0.0
618,0.375,0.3702645632238615,0.0,0.14285714285714285,0.5
619,0.125,0.4023689270621825,0.33333333333333337,0.14285714285714285,0.5
620,0.125,0.34344336196330355,0.33333333333333337,0.0,0.125
621,0.0,1.1535558079415003,1.4142135623730951,0.0,0.0
622,0.125,0.4020950641613702,0.0,0.0,0.375
623,0.0,1.1535558079415003,1.4142135623730951,0.0,0.0
624,0.125,0.4955384261246738,0.0,0.0,0.25
625,0.125,0.4196278254943948,0.0,0.0,0.25
626,0.125,0.529782360088286,0.0,0.0,0.25
627,0.0,1.161252403545367,1.4142135623730951,0.0,0.0
628,0.125,0.44376173082803694,0.33333333333333337,0.0,0.25
629,0.0,1.0505501431498512,1.4142135623730951,0.0,0.36363636363636365
630,0.125,0.529782360088286,0.33333333333333337,0.0,0.125
631,0.0,1.1856601717798214,1.4142135623730951,0.0,0.2
632,0.0,1.0505501431498512,1.4142135623730951,0.0,0.36363636363636365
633,0.125,0.529782360088286,0.33333333333333337,0.0,0.125
634,0.125,0.49526456322386153,0.0,0.14285714285714285,0.125
635,0.0,1.1535558079415003,1.4142135623730951,0.0,0.0
636,0.25,0.44644902675495274,0.33333333333333337,0.0,0.25
637,0.0,1.2029190702120336,1.4142135623730951,0.0,0.0
638,0.0,1.2371630041756458,1.4142135623730951,0.0,0.0
639,0.125,0.47085679498940713,0.0,0.0,0.125
640,0.125,0.5223596273852318,0.0,0.0,0.25
641,0.0,0.5788717594580072,0.47140452079103173,0.0,0.25
642,0.125,0.4193539625935825,0.47140452079103173,0.0,0.125
643,0.125,0.34344336196330355,0.33333333333333337,0.0,0.125
644,0.0,1.4142135623730951,1.4142135623730951,0.0,0.0
645,0.125,0.47085679498940713,0.0,0.0,0.125
646,0.125,0.4366128610257948,0.47140452079103173,0.0,0.375
647,0.125,0.529782360088286,0.33333333333333337,0.0,0.125
648,0.125,0.39494619435912814,0.33333333333333337,0.0,0.25
649,0.0,1.0850679400142758,1.4142135623730951,0.14285714285714285,0.0
650,0.25,0.4119312298905281,0.0,0.14285714285714285,0.375
651,0.0,1.0776452073112215,1.4142135623730951,0.0,0.0
652,0.125,0.47085679498940713,0.0,0.0,0.125
653,0.125,0.5199461943591281,0.47140452079103173,0.0,0.25
654,0.125,0.529782360088286,0.33333333333333337,0.0,0.125
655,0.125,0.47085679498940713,0.0,0.0,0.125
656,0.125,0.34344336196330355,0.33333333333333337,0.0,0.125
657,0.0,1.119311873977888,1.4142135623730951,0.0,0.0
658,0.125,0.4535978965571948,0.33333333333333337,0.0,0.375
659,0.125,0.4193539625935825,0.47140452079103173,0.0,0.125
660,0.125,0.34344336196330355,0.33333333333333337,0.0,0.125
661,0.125,0.47085679498940713,0.0,0.0,0.125
662,0.0,1.161252403545367,1.4142135623730951,0.0,0.0
663,0.25,0.36042839749470357,0.0,0.0,0.25
664,0.125,0.4023689270621825,0.33333333333333337,0.14285714285714285,0.5
665,0.125,0.36042839749470357,0.0,0.0,0.25
666,0.125,0.4780056647916492,0.33333333333333337,0.0,0.25
667,0.0,1.0776452073112215,1.4142135623730951,0.0,0.0
668,0.0,1.2371630041756458,1.4142135623730951,0.0,0.0
669,0.0,1.2371630041756458,1.4142135623730951,0.0,0.0
670,0.125,0.529782360088286,0.33333333333333337,0.0,0.125
671,0.125,0.4780056647916492,0.33333333333333337,0.0,0.25
672,0.0,1.2371630041756458,1.4142135623730951,0.0,0.0
673,0.125,0.44376173082803694,0.33333333333333337,0.0,0.25
674,0.0,1.2029190702120336,1.4142135623730951,0.0,0.0
675,0.25,0.37768729592691586,0.0,0.0,0.25
676,0.0,1.119311873977888,1.4142135623730951,0.0,0.0
677,0.0,1.2371630041756458,1.4142135623730951,0.0,0.0
678,0.0,1.161252403545367,1.4142135623730951,0.0,0.0
679,0.125,0.529782360088286,0.33333333333333337,0.0,0.125
680,0.0,1.4142135623730951,1.4142135623730951,0.0,0.0
681,0.0,1.2716808010400706,1.4142135623730951,0.0,0.0
682,0.0,0.6131156934216194,0.33333333333333337,0.0,0.0
683,0.125,0.4952645632238615,0.47140452079103173,0.0,0.25
684,0.0,1.178237439076767,1.4142135623730951,0.0,0.0
685,0.0,0.5125234616560739,0.33333333333333337,0.14285714285714285,0.25
686,0.0,1.2029190702120336,1.4142135623730951,0.0,0.0
687,0.0,1.2371630041756458,1.4142135623730951,0.0,0.0
688,0.0,1.161252403545367,1.4142135623730951,0.0,0.0
689,0.125,0.47085679498940713,0.0,0.0,0.125
690,0.125,0.529782360088286,0.33333333333333337,0.0,0.25
691,0.125,0.44376173082803694,0.33333333333333337,0.0,0.25
692,0.125,0.39494619435912814,0.47140452079103173,0.14285714285714285,0.25
693,0.125,0.5053745918538317,0.33333333333333337,0.0,0.25
694,0.0,1.0776452073112215,1.4142135623730951,0.0,0.0
695,0.125,0.47085679498940713,0.0,0.0,0.125
696,0.125,0.529782360088286,0.33333333333333337,0.0,0.125
697,0.125,0.4955384261246738,0.33333333333333337,0.0,0.25
698,0.0,1.161252403545367,1.4142135623730951,0.0,0.0
699,0.0,1.4142135623730951,1.4142135623730951,0.0,0.0
700,0.25,0.3187617308280369,0.0,0.0,0.25
701,0.125,0.47085679498940713,0.0,0.0,0.125
702,0.0,1.178237439076767,1.4142135623730951,0.0,0.0
703,0.125,0.529782360088286,0.33333333333333337,0.0,0.125
704,0.125,0.47085679498940713,0.0,0.0,0.125
705,0.125,0.34344336196330355,0.33333333333333337,0.0,0.125
706,0.125,0.47085679498940713,0.0,0.0,0.125
707,0.125,1.0088834764831844,1.4142135623730951,0.0,0.18181818181818182
708,0.0,1.161252403545367,1.4142135623730951,0.0,0.0
709,0.0,0.4952645632238615,0.33333333333333337,0.0,0.25
710,0.125,0.4955384261246738,0.33333333333333337,0.14285714285714285,0.25
711,0.0,1.0776452073112215,1.4142135623730951,0.0,0.0
712,0.0,1.060386308879009,1.4142135623730951,0.0,0.18181818181818182
713,0.0,1.2371630041756458,1.4142135623730951,0.0,0.0
714,0.25,0.4461751638541404,0.33333333333333337,0.0,0.25
715,0.125,0.4538717594580071,0.33333333333333337,0.0,0.25
716,0.125,0.529782360088286,0.33333333333333337,0.0,0.125
717,0.0,1.2371630041756458,1.4142135623730951,0.0,0.0
718,0.0,1.2716808010400706,1.4142135623730951,0.0,0.0
719,0.125,0.5643001569527106,0.33333333333333337,0.0,0.125
720,0.0,1.043401273347609,1.4142135623730951,0.0,0.0
721,0.0,1.161252403545367,1.4142135623730951,0.0,0.0
722,0.125,0.529782360088286,0.33333333333333337,0.0,0.125
723,0.125,0.529782360088286,0.33333333333333337,0.0,0.125
724,0.25,0.37768729592691586,0.0,0.0,0.25
725,0.0,0.6131156934216194,0.33333333333333337,0.0,0.0
726,0.0,1.2371630041756458,1.4142135623730951,0.0,0.0
727,0.125,0.4780056647916492,0.33333333333333337,0.0,0.25
728,0.0,1.4142135623730951,1.4142135623730951,0.0,0.0
729,0.125,0.529782360088286,0.33333333333333337,0.0,0.125
730,0.0,1.2371630041756458,1.4142135623730951,0.0,0.0
731,0.0,1.129148039707046,1.4142135623730951,0.0,0.0
732,0.0,1.161252403545367,1.4142135623730951,0.0,0.0
733,0.125,0.34344336196330355,0.33333333333333337,0.0,0.125
734,0.125,0.36785113019775795,0.33333333333333337,0.0,0.25
735,0.0,0.6131156934216194,0.33333333333333337,0.0,0.0
736,0.125,0.38511002862997024,0.33333333333333337,0.14285714285714285,0.375
737,0.0,1.2371630041756458,1.4142135623730951,0.0,0.0
738,0.0,1.227326838446488,1.4142135623730951,0.14285714285714285,0.0
739,0.0,0.5127973245568861,0.33333333333333337,0.0,0.25
740,0.0,1.161252403545367,1.4142135623730951,0.0,0.0
741,0.125,0.34344336196330355,0.33333333333333337,0.0,0.125
742,0.0,1.0949041057434337,1.4142135623730951,0.0,0.0
743,0.0,1.2029190702120336,1.4142135623730951,0.0,0.0
744,0.125,0.529782360088286,0.33333333333333337,0.0,0.125
745,0.0,1.1856601717798214,1.4142135623730951,0.0,0.0
746,0.125,0.44403559372884915,0.47140452079103173,0.0,0.25
747,0.125,0.529782360088286,0.33333333333333337,0.0,0.125
748,0.0,0.38511002862997024,0.33333333333333337,0.0,0.25
749,0.125,0.47085679498940713,0.0,0.0,0.125
750,0.0,1.4142135623730951,1.4142135623730951,0.0,0.0
751,0.0,1.2029190702120336,1.4142135623730951,0.0,0.0
752,0.0,1.0678090415820636,1.4142135623730951,0.0,0.0
753,0.0,1.178237439076767,1.4142135623730951,0.0,0.0
754,0.125,0.44376173082803694,0.33333333333333337,0.0,0.25
755,0.0,1.0776452073112215,1.4142135623730951,0.0,0.0
756,0.0,1.2029190702120336,1.4142135623730951,0.0,0.0
757,0.125,0.47085679498940713,0.0,0.0,0.125
758,0.125,0.4193539625935825,0.47140452079103173,0.0,0.125
759,0.0,0.4511844635310913,0.33333333333333337,0.14285714285714285,0.375
760,0.0,1.4142135623730951,1.4142135623730951,0.0,0.0
761,0.25,0.37768729592691586,0.0,0.0,0.25
762,0.0,1.220177968644246,1.4142135623730951,0.0,0.0
763,0.125,0.4538717594580071,0.33333333333333337,0.0,0.25
764,0.0,1.2371630041756458,1.4142135623730951,0.0,0.0
765,0.125,0.4193539625935825,0.47140452079103173,0.0,0.125
766,0.0,1.043401273347609,1.4142135623730951,0.0,0.0
767,0.0,1.2371630041756458,1.4142135623730951,0.0,0.0
768,0.0,1.2371630041756458,1.4142135623730951,0.0,0.0
769,0.0,1.2371630041756458,1.4142135623730951,0.0,0.0
770,0.0,1.0850679400142758,1.4142135623730951,0.14285714285714285,0.0
771,0.125,0.47085679498940713,0.0,0.0,0.125
772,0.125,1.0187196422123423,1.4142135623730951,0.0,0.18181818181818182
773,0.0,1.1020529755456758,1.4142135623730951,0.0,0.0
774,0.125,0.47085679498940713,0.0,0.0,0.125
775,0.0,1.0776452073112215,1.4142135623730951,0.0,0.0
776,0.0,1.178237439076767,1.4142135623730951,0.0,0.0
777,0.125,0.529782360088286,0.33333333333333337,0.0,0.125
778,0.125,0.34344336196330355,0.33333333333333337,0.0,0.125
779,0.0,1.4142135623730951,1.4142135623730951,0.0,0.0
780,0.125,0.47085679498940713,0.0,0.0,0.125
781,0.125,0.4538717594580071,0.33333333333333337,0.0,0.25
782,0.0,1.2371630041756458,1.4142135623730951,0.0,0.0
783,0.0,1.1535558079415003,1.4142135623730951,0.0,0.0
784,0.25,0.37768729592691586,0.0,0.0,0.375
785,0.0,1.2716808010400706,1.4142135623730951,0.0,0.0
786,0.0,0.6131156934216194,0.33333333333333337,0.0,0.0
787,0.0,1.2371630041756458,1.4142135623730951,0.0,0.0
788,0.125,0.529782360088286,0.33333333333333337,0.0,0.125
789,0.0,1.161252403545367,1.4142135623730951,0.0,0.0
790,0.0,0.5714490267549528,0.33333333333333337,0.0,0.25
791,0.375,0.3875234616560738,0.0,0.14285714285714285,0.375
792,0.25,0.36042839749470357,0.33333333333333337,0.0,0.25
793,0.125,0.47085679498940713,0.0,0.0,0.125
794,0.125,0.529782360088286,0.33333333333333337,0.0,0.125
795,0.0,0.6131156934216194,0.33333333333333337,0.0,0.0
796,0.0,1.161252403545367,1.4142135623730951,0.0,0.0
797,0.0,1.2371630041756458,1.4142135623730951,0.0,0.0
798,0.125,0.5051007289530194,0.33333333333333337,0.0,0.25
799,0.0,1.043401273347609,1.4142135623730951,0.0,0.0
800,0.0,1.4142135623730951,1.4142135623730951,0.0,0.0
801,0.0,1.161252403545367,1.4142135623730951,0.0,0.0
802,0.125,0.4193539625935825,0.47140452079103173,0.0,0.125
803,0.125,0.47085679498940713,0.0,0.0,0.125
804,0.125,0.4193539625935825,0.47140452079103173,0.0,0.125
805,0.125,0.34344336196330355,0.33333333333333337,0.0,0.125
806,0.125,0.34344336196330355,0.33333333333333337,0.0,0.125
807,0.125,0.47085679498940713,0.0,0.0,0.125
808,0.0,1.0776452073112215,1.4142135623730951,0.0,0.0
809,0.125,0.529782360088286,0.33333333333333337,0.0,0.125
810,0.125,0.5470412585204985,0.33333333333333337,0.0,0.25
811,0.0,1.0776452073112215,1.4142135623730951,0.0,0.0
812,0.125,0.4952645632238615,0.47140452079103173,0.0,0.25
813,0.125,0.5199461943591281,0.47140452079103173,0.0,0.25
814,0.0,0.42677669529663687,0.47140452079103173,0.14285714285714285,0.25
815,0.125,0.529782360088286,0.33333333333333337,0.0,0.125
816,0.25,0.3431694990624913,0.33333333333333337,0.0,0.375
817,0.0,1.0949041057434337,1.4142135623730951,0.0,0.18181818181818182
818,0.125,0.4193539625935825,0.47140452079103173,0.0,0.125
819,0.125,0.3607022603955159,0.33333333333333337,0.0,0.25
820,0.125,0.529782360088286,0.33333333333333337,0.0,0.125
821,0.125,0.47085679498940713,0.0,0.0,0.125
822,0.0,1.4142135623730951,1.4142135623730951,0.0,0.0
823,0.0,1.0505501431498512,1.4142135623730951,0.0,0.36363636363636365
824,0.125,0.4780056647916492,0.33333333333333337,0.0,0.25
825,0.125,0.4955384261246738,0.0,0.0,0.125
826,0.0,1.2716808010400706,1.4142135623730951,0.0,0.0
827,0.0,1.0949041057434337,1.4142135623730951,0.14285714285714285,0.18181818181818182
828,0.125,0.47085679498940713,0.0,0.0,0.125
829,0.125,0.4780056647916492,0.33333333333333337,0.0,0.25
830,0.125,0.47085679498940713,0.0,0.0,0.125
831,0.125,0.5051007289530194,0.33333333333333337,0.14285714285714285,0.25
832,0.125,0.5051007289530194,0.0,0.0,0.25
833,0.0,1.2371630041756458,1.4142135623730951,0.0,0.0
834,0.125,0.4538717594580071,0.33333333333333337,0.0,0.25
835,0.125,1.0088834764831844,1.4142135623730951,0.0,0.18181818181818182
836,0.125,0.47085679498940713,0.0,0.0,0.125
837,0.125,0.47085679498940713,0.0,0.0,0.125
838,0.125,0.4708567949894071,0.33333333333333337,0.0,0.25
839,0.125,0.4780056647916492,0.33333333333333337,0.0,0.25
840,0.0,1.2371630041756458,1.4142135623730951,0.0,0.0
841,0.125,0.4955384261246738,0.0,0.0,0.125
842,0.0,1.2371630041756458,1.4142135623730951,0.0,0.0
843,0.0,1.1535558079415003,1.4142135623730951,0.0,0.0
844,0.0,0.6131156934216194,0.33333333333333337,0.0,0.0
845,0.125,0.47085679498940713,0.0,0.0,0.125
846,0.125,0.47085679498940713,0.0,0.0,0.25
847,0.0,1.2371630041756458,1.4142135623730951,0.0,0.0
848,0.125,0.4952645632238615,0.47140452079103173,0.0,0.25
849,0.0,1.2029190702120336,1.4142135623730951,0.0,0.0
850,0.0,1.0776452073112215,1.4142135623730951,0.0,0.0
851,0.125,0.529782360088286,0.33333333333333337,0.0,0.125
852,0.0,1.2371630041756458,1.4142135623730951,0.0,0.0
853,0.0,1.4142135623730951,1.4142135623730951,0.0,0.0
854,0.0,1.0776452073112215,1.4142135623730951,0.0,0.18181818181818182
855,0.125,0.32618446353109126,0.33333333333333337,0.14285714285714285,0.25
856,0.125,0.5125234616560739,0.0,0.0,0.125
857,0.0,1.0505501431498512,1.4142135623730951,0.0,0.18181818181818182
858,0.0,1.0505501431498512,1.4142135623730951,0.0,0.36363636363636365
859,0.125,0.47085679498940713,0.0,0.0,0.125
860,0.125,0.47085679498940713,0.0,0.0,0.125
861,0.0,0.6131156934216194,0.33333333333333337,0.0,0.0
862,0.125,0.47085679498940713,0.0,0.0,0.125
863,0.125,0.47085679498940713,0.0,0.0,0.125
864,0.125,0.44644902675495274,0.47140452079103173,0.0,0.25
865,0.0,1.4142135623730951,1.4142135623730951,0.0,0.0
866,0.0,1.2371630041756458,1.4142135623730951,0.0,0.0
867,0.125,0.47085679498940713,0.0,0.0,0.125
868,0.125,0.529782360088286,0.33333333333333337,0.0,0.125
869,0.125,0.529782360088286,0.33333333333333337,0.0,0.125
870,0.125,0.39494619435912814,0.47140452079103173,0.0,0.25
871,0.0,0.6131156934216194,0.33333333333333337,0.0,0.0
872,0.0,0.5785978965571948,0.33333333333333337,0.14285714285714285,0.125
873,0.125,1.0088834764831844,1.4142135623730951,0.0,0.5454545454545454
874,0.125,0.47085679498940713,0.0,0.0,0.125
875,0.25,0.40209506416137025,0.33333333333333337,0.0,0.25
876,0.0,0.4267766952966369,0.33333333333333337,0.2857142857142857,0.375
877,0.0,1.0606601717798214,1.4142135623730951,0.14285714285714285,0.0
878,0.0,0.5443539625935826,0.33333333333333337,0.0,0.25
879,0.0,1.161252403545367,1.4142135623730951,0.0,0.0
880,0.125,0.529782360088286,0.33333333333333337,0.0,0.125
881,0.125,0.34344336196330355,0.33333333333333337,0.0,0.125
882,0.125,0.47085679498940713,0.0,0.0,0.125
883,0.125,1.0187196422123423,1.4142135623730951,0.0,0.36363636363636365
884,0.375,0.421767395619686,0.47140452079103173,0.2857142857142857,0.5
885,0.0,1.2127552359411915,1.4142135623730951,0.0,0.0
886,0.0,1.2371630041756458,1.4142135623730951,0.0,0.0
887,0.0,1.0776452073112215,1.4142135623730951,0.0,0.0
888,0.125,0.42677669529663687,0.0,0.0,0.375
889,0.125,0.47085679498940713,0.0,0.0,0.125
890,0.25,0.39494619435912814,0.0,0.0,0.5
891,0.0,0.5887079251871651,0.33333333333333337,0.0,0.125
892,0.0,1.4142135623730951,1.4142135623730951,0.0,0.0
893,0.125,1.0088834764831844,1.4142135623730951,0.0,0.18181818181818182
894,0.125,1.0359785406445547,1.4142135623730951,0.0,0.18181818181818182
895,0.125,1.0088834764831844,1.4142135623730951,0.0,0.18181818181818182
896,0.125,1.0088834764831844,1.4142135623730951,0.0,0.18181818181818182
897,0.125,1.0088834764831844,1.4142135623730951,0.0,0.36363636363636365
898,0.125,1.0088834764831844,1.4142135623730951,0.0,0.18181818181818182
899,0.125,0.47085679498940713,0.0,0.0,0.125
900,0.125,1.0088834764831844,1.4142135623730951,0.0,0.18181818181818182
901,0.125,1.0187196422123423,1.4142135623730951,0.0,0.18181818181818182
902,0.0,1.4142135623730951,1.4142135623730951,0.0,0.0
903,0.125,0.47085679498940713,0.0,0.0,0.125
904,0.125,1.0088834764831844,1.4142135623730951,0.0,0.36363636363636365
905,0.125,1.0088834764831844,1.4142135623730951,0.0,0.36363636363636365
906,0.25,0.9255501431498512,1.4142135623730951,0.14285714285714285,0.36363636363636365
907,0.125,0.4535978965571948,0.33333333333333337,0.0,0.25
908,0.125,1.0088834764831844,1.4142135623730951,0.0,0.36363636363636365
909,0.0,0.5125234616560739,0.33333333333333337,0.0,0.25
910,0.125,1.0088834764831844,1.4142135623730951,0.0,0.36363636363636365
911,0.125,1.0088834764831844,1.4142135623730951,0.0,0.36363636363636365
912,0.125,1.0088834764831844,1.4142135623730951,0.0,0.18181818181818182
913,0.125,1.0088834764831844,1.4142135623730951,0.0,0.36363636363636365
914,0.125,1.0088834764831844,1.4142135623730951,0.0,0.36363636363636365
915,0.125,1.0088834764831844,1.4142135623730951,0.0,0.36363636363636365
916,0.25,0.9255501431498512,1.4142135623730951,0.14285714285714285,0.36363636363636365
917,0.125,0.47085679498940713,0.0,0.0,0.125
918,0.125,0.9672168098165178,1.4142135623730951,0.0,0.36363636363636365
919,0.125,0.47085679498940713,0.0,0.0,0.125
920,0.125,0.9672168098165178,1.4142135623730951,0.0,0.18181818181818182
921,0.125,1.0088834764831844,1.4142135623730951,0.0,0.18181818181818182
922,0.125,0.47085679498940713,0.0,0.0,0.125
923,0.0,1.0776452073112215,1.4142135623730951,0.0,0.18181818181818182
924,0.125,0.47085679498940713,0.0,0.0,0.125
925,0.125,0.47085679498940713,0.0,0.0,0.125
926,0.125,1.0088834764831844,1.4142135623730951,0.0,0.18181818181818182
927,0.0,1.0505501431498512,1.4142135623730951,0.0,0.36363636363636365
928,0.0,0.529782360088286,0.33333333333333337,0.0,0.25
929,0.125,1.0088834764831844,1.4142135623730951,0.0,0.36363636363636365
930,0.125,0.47085679498940713,0.0,0.0,0.125
931,0.0,0.38511002862997024,0.33333333333333337,0.0,0.375
932,0.125,0.47085679498940713,0.0,0.0,0.125
933,0.25,0.4291901283227405,0.0,0.0,0.25
934,0.125,0.47085679498940713,0.0,0.0,0.125
935,0.125,0.47085679498940713,0.0,0.0,0.125
936,0.125,0.47085679498940713,0.0,0.0,0.125
937,0.125,0.9672168098165178,1.4142135623730951,0.0,0.36363636363636365
938,0.125,0.9672168098165178,1.4142135623730951,0.0,0.36363636363636365
939,0.125,1.0088834764831844,1.4142135623730951,0.0,0.18181818181818182
940,0.125,0.34344336196330355,0.33333333333333337,0.0,0.125
941,0.125,0.47085679498940713,0.0,0.0,0.125
942,0.125,1.0088834764831844,1.4142135623730951,0.0,0.18181818181818182
943,0.125,0.9672168098165178,1.4142135623730951,0.0,0.18181818181818182
944,0.0,1.0678090415820636,1.4142135623730951,0.0,0.0
945,0.125,1.0088834764831844,1.4142135623730951,0.0,0.18181818181818182
946,0.25,0.9672168098165178,1.4142135623730951,0.14285714285714285,0.36363636363636365
947,0.0,1.0678090415820636,1.4142135623730951,0.0,0.18181818181818182
948,0.125,0.47085679498940713,0.0,0.0,0.125
949,0.125,0.3607022603955159,0.47140452079103173,0.0,0.25
950,0.0,1.0776452073112215,1.4142135623730951,0.0,0.0
951,0.125,0.43661286102579483,0.0,0.0,0.25
952,0.125,0.47085679498940713,0.0,0.0,0.125
953,0.125,1.0088834764831844,1.4142135623730951,0.0,0.18181818181818182
954,0.125,1.0088834764831844,1.4142135623730951,0.0,0.18181818181818182
955,0.125,0.47085679498940713,0.0,0.0,0.125
956,0.125,1.0088834764831844,1.4142135623730951,0.0,0.18181818181818182
957,0.125,1.0088834764831844,1.4142135623730951,0.0,0.18181818181818182
958,0.125,1.0088834764831844,1.4142135623730951,0.0,0.18181818181818182
959,0.125,0.47085679498940713,0.0,0.0,0.125
960,0.125,0.34344336196330355,0.33333333333333337,0.0,0.125
961,0.125,1.0088834764831844,1.4142135623730951,0.0,0.18181818181818182
962,0.125,0.47085679498940713,0.0,0.0,0.125
963,0.125,0.34344336196330355,0.33333333333333337,0.0,0.125
964,0.125,1.0088834764831844,1.4142135623730951,0.0,0.18181818181818182
965,0.125,1.0088834764831844,1.4142135623730951,0.0,0.18181818181818182
966,0.125,0.47085679498940713,0.0,0.0,0.125
967,0.125,1.0088834764831844,1.4142135623730951,0.0,0.18181818181818182
968,0.125,0.34344336196330355,0.33333333333333337,0.0,0.125
969,0.25,0.37768729592691586,0.0,0.0,0.25
970,0.125,0.4366128610257949,0.0,0.0,0.25
971,0.125,0.47085679498940713,0.0,0.0,0.125
972,0.125,0.36042839749470357,0.33333333333333337,0.14285714285714285,0.25
973,0.125,0.47085679498940713,0.0,0.0,0.125
974,0.125,0.9672168098165178,1.4142135623730951,0.0,0.18181818181818182
975,0.125,0.47085679498940713,0.0,0.14285714285714285,0.25
976,0.125,0.47085679498940713,0.0,0.0,0.125
977,0.125,0.47085679498940713,0.0,0.0,0.125
978,0.0,0.5125234616560739,0.33333333333333337,0.0,0.25
979,0.125,0.47085679498940713,0.33333333333333337,0.0,0.25
980,0.0,1.060386308879009,1.4142135623730951,0.0,0.18181818181818182
981,0.125,1.0088834764831844,1.4142135623730951,0.0,0.18181818181818182
982,0.125,0.47085679498940713,0.0,0.0,0.125
983,0.0,0.5199461943591281,0.33333333333333337,0.14285714285714285,0.25
984,0.125,1.0088834764831844,1.4142135623730951,0.0,0.18181818181818182
985,0.125,0.47085679498940713,0.0,0.0,0.125
986,0.125,0.47085679498940713,0.0,0.0,0.125
987,0.0,0.5372050927913405,0.33333333333333337,0.0,0.25
988,0.125,1.0359785406445547,1.4142135623730951,0.0,0.18181818181818182
989,0.125,0.47085679498940713,0.0,0.0,0.125
990,0.125,0.47085679498940713,0.0,0.0,0.125
991,0.125,0.4782795276924615,0.0,0.14285714285714285,0.125
992,0.125,0.47085679498940713,0.33333333333333337,0.0,0.25
993,0.125,0.47085679498940713,0.0,0.0,0.125
994,0.125,0.47085679498940713,0.0,0.0,0.125
995,0.125,0.47085679498940713,0.0,0.0,0.125
996,0.125,0.47085679498940713,0.0,0.0,0.125
997,0.125,1.0359785406445547,1.4142135623730951,0.0,0.18181818181818182
998,0.125,1.0088834764831844,1.4142135623730951,0.0,0.18181818181818182
999,0.125,0.47085679498940713,0.0,0.0,0.125
