method_index,doc_id,open_mos,token_f1
0,0,1,0.0022509848058525606
0,1,1,0.01673640167364017
0,2,0,0.0024739867568944187
0,3,0,0.007751937984496124
0,4,0,0.0005546004104043037
0,5,0,0.002977667493796526
0,6,0,0.0013874971093810222
0,7,0,0.005084745762711864
0,8,0,0.0020588487604014756
0,9,0,0.0075419952005485085
0,10,0,0.0011049723756906076
0,11,0,0.005245410266017234
0,12,0,0.00035158653423573874
0,13,0,0.0018105009052504528
0,14,0,0.0016760627761694348
0,15,0,0.004763164858428156
0,16,0,0.0011965811965811964
0,17,0,0.005043227665706051
0,18,0,0.005045408678102927
0,19,0,0.011235955056179775
0,20,0,0.0004967298617435218
0,21,0,0.004275026718916992
0,22,0,0.0005245488879563575
0,23,0,0.0028004667444574095
0,24,0,0.0014959880320957436
0,25,0,0.006658595641646488
0,26,0,0.0008002400720216064
0,27,0,0.004566210045662101
0,28,0,0.0008510638297872341
0,29,0,0.009569377990430622
0,30,0,0.0010484927916120576
0,31,0,0.005988023952095808
0,32,0,0.00044125758411472693
0,33,1,0.004210526315789474
0,34,0,0.000756501182033097
0,35,0,0.010546500479386387
0,36,0,0.0017543859649122805
0,37,0,0.023404255319148935
0,38,0,0.008413461538461538
0,39,0,0.0
0,40,0,0.0033852403520649964
0,41,0,0.014285714285714285
0,42,0,0.0016979530232996889
0,43,1,0.027548209366391185
0,44,0,0.0007273388489862716
0,45,0,0.011644832605531298
0,46,0,0.0005384546351969847
0,47,0,0.006063230835859679
0,48,0,0.0018919238500650346
0,49,0,0.011461318051575931
0,50,0,0.0014763260571549089
0,51,1,0.013675213675213677
0,52,0,0.0006879944960440317
0,53,0,0.005571030640668524
0,54,0,0.001149205133116261
0,55,0,0.005952380952380952
0,56,0,0.0019415590719347637
0,57,0,0.0
0,58,0,0.0010340192327577295
0,59,1,0.00856164383561644
0,60,0,0.0018528812303131369
0,61,1,0.016476552598225603
0,62,0,0.0008544269998931967
0,63,1,0.00954829232464194
0,64,0,0.0005551957064865367
0,65,0,0.010493179433368308
0,66,0,0.0023224653863331843
0,67,0,0.009251471825063078
0,68,0,0.003650634297709227
0,69,0,0.00718562874251497
0,70,0,0.000495785820525533
0,71,0,0.012562814070351758
0,72,0,0.0018491612732796198
0,73,1,0.03191489361702128
0,74,0,0.0032263268269075653
0,75,0,0.012539184952978058
0,76,0,0.0012012012012012011
0,77,0,0.011892963330029732
0,78,0,0.007157769161944528
0,79,0,0.017518248175182483
0,80,0,0.0019371011850501366
0,81,0,0.007614213197969543
0,82,0,0.000997340425531915
0,83,0,0.025518341307814992
0,84,0,0.001291294522759066
0,85,1,0.02097378277153558
0,86,0,0.0020721094073767096
0,87,1,0.009784735812133074
0,88,0,0.0012608750472828144
0,89,0,0.011410788381742738
0,90,0,0.0022766078542970974
0,91,0,0.013220018885741265
0,92,0,0.0031465093411996064
0,93,0,0.02631578947368421
0,94,0,0.001590246488205672
0,95,0,0.01851851851851852
0,96,0,0.0006112002444800977
0,97,1,0.018198362147406732
0,98,0,0.003056179775280899
0,99,0,0.010633156114064764
0,100,0,0.0021480354425848025
0,101,0,0.010353753235547885
0,102,0,0.005655042412818096
0,103,0,0.06334841628959276
0,104,0,0.0029596744358120603
0,105,0,0.02054794520547945
0,106,1,0.004824443848834093
0,107,0,0.015075376884422108
0,108,1,0.004857584455729742
0,109,1,0.05025125628140704
0,110,0,0.001380071763731714
0,111,0,0.006472491909385114
0,112,1,0.00480429560548255
0,113,0,0.004817342432757929
0,114,0,0.00274442538593482
0,115,0,0.03455723542116631
0,116,0,0.0032845625559868616
0,117,0,0.011164867882396725
0,118,0,0.0030674846625766868
0,119,0,0.013148283418553688
0,120,0,0.0024582104228121925
0,121,0,0.010869565217391302
0,122,0,0.0021715526601520083
0,123,0,0.014311270125223612
0,124,0,0.0019024970273483948
0,125,0,0.011257035647279551
0,126,0,0.0018091361374943462
0,127,0,0.015921616656460504
0,128,0,0.002547770700636943
0,129,0,0.006875477463712758
0,130,0,0.00316768956642249
0,131,0,0.012783265543288787
0,132,1,0.004828585224529213
0,133,0,0.019148936170212766
0,134,0,0.0015446400988569666
0,135,0,0.011545862732520847
0,136,0,0.0007903055848261328
0,137,0,0.015959680806383873
0,138,1,0.005840634125990821
0,139,1,0.008555133079847909
0,140,1,0.013215859030837003
0,141,0,0.03194888178913738
0,142,0,0.0015375744762636937
0,143,0,0.011225444340505144
0,144,0,0.002580169553999263
0,145,0,0.0061322820849759084
0,146,0,0.0010219724067450178
0,147,0,0.0026631158455392807
0,148,0,0.002610114192495922
0,149,0,0.057142857142857134
0,150,0,0.0015124779430299975
0,151,0,0.018957345971563982
0,152,0,0.0014893617021276596
0,153,0,0.004849954531676266
0,154,0,0.001937984496124031
0,155,0,0.01603206412825651
0,156,0,0.0019719976336028395
0,157,1,0.03157894736842106
0,158,1,0.0023143277929728594
0,159,0,0.005457025920873123
0,160,0,0.000764428589629252
0,161,0,0.022797927461139896
0,162,0,0.0013832625234660608
0,163,0,0.0052980132450331134
0,164,1,0.002530933633295838
0,165,1,0.007815892314372557
0,166,1,0.004640371229698376
0,167,0,0.005673758865248227
0,168,1,0.004565465514430133
0,169,0,0.010010725777618877
0,170,0,0.0009504574076274208
0,171,0,0.011060507482108003
0,172,0,0.0019175455417066152
0,173,1,0.007810466024472793
0,174,0,0.002227722772277228
0,175,0,0.009315657470440702
0,176,0,0.001486988847583643
0,177,0,0.004752475247524752
0,178,0,0.0029565918559333426
0,179,0,0.006680584551148226
0,180,0,0.0032397408207343412
0,181,0,0.00788436268068331
0,182,0,0.000860141063134354
0,183,0,0.004859611231101512
0,184,1,0.004455245038477116
0,185,0,0.008368200836820083
0,186,0,0.001992472880230241
0,187,0,0.0
0,188,0,0.0009690704998788661
0,189,0,0.0032760032760032758
0,190,0,0.0014449127031908489
0,191,0,0.007637752318603383
0,192,0,0.0009915716410510659
0,193,0,0.004801097393689987
0,194,0,0.00087706475661453
0,195,0,0.0054990376684080295
0,196,0,0.0008576329331046311
0,197,0,0.004929143561306222
0,198,0,0.0009450679267572357
0,199,0,0.006821705426356589
0,200,0,0.00611246943765281
0,201,0,0.09090909090909091
0,202,0,0.0007898374251299941
0,203,0,0.00604026845637584
0,204,0,0.001322751322751323
0,205,0,0.008695652173913044
0,206,1,0.0022011513714866237
0,207,0,0.006216006216006216
0,208,1,0.002600520104020805
0,209,0,0.006867406233491811
0,210,0,0.001446305893696517
0,211,0,0.006345177664974619
0,212,0,0.0005847953216374269
0,213,0,0.002559181062060141
0,214,0,0.0019282684149633628
0,215,0,0.008249312557286892
0,216,0,0.0007992540295723991
0,217,0,0.004127115146512587
0,218,0,0.0015586945932781295
0,219,0,0.002906976744186046
0,220,0,0.00950734658599827
0,221,0,0.025
0,222,0,0.004273504273504273
0,223,0,0.02097902097902098
0,224,0,0.005376344086021506
0,225,1,0.05172413793103449
0,226,0,0.003242241778601204
0,227,0,0.01605136436597111
0,228,0,0.0021276595744680856
0,229,0,0.01692524682651622
0,230,0,0.0162999185004075
0,231,0,0.04524886877828054
0,232,0,0.009191176470588236
0,233,0,0.0449438202247191
0,234,0,0.002429543245869777
0,235,0,0.014684287812041114
0,236,1,0.008385744234800837
0,237,0,0.022346368715083796
0,238,0,0.011577424023154849
0,239,0,0.047337278106508875
0,240,0,0.00423728813559322
0,241,0,0.027855153203342618
0,242,1,0.0032505224053865803
0,243,0,0.007884362680683312
0,244,0,0.007360672975814932
0,245,0,0.038216560509554146
0,246,0,0.0030592734225621415
0,247,0,0.03973509933774834
0,248,0,0.005449591280653951
0,249,0,0.0718562874251497
0,250,0,0.00443951165371809
0,251,0,0.032432432432432434
0,252,0,0.0028622540250447226
0,253,0,0.03600654664484452
0,254,0,0.0061162079510703364
0,255,0,0.01451905626134301
0,256,1,0.0081374321880651
0,257,0,0.023364485981308414
0,258,0,0.0021691973969631233
0,259,0,0.01628222523744912
0,260,0,0.005476118040766657
0,261,0,0.02790697674418605
0,262,0,0.008743169398907106
0,263,0,0.08333333333333333
0,264,0,0.0
0,265,1,0.0
0,266,1,0.013836477987421382
0,267,0,0.01020408163265306
0,268,0,0.020783373301358914
0,269,0,0.08
0,270,0,0.0046019328117809484
0,271,0,0.029357798165137616
0,272,0,0.003911707180776753
0,273,0,0.031042128603104215
0,274,0,0.011235955056179775
0,275,0,0.052631578947368425
0,276,0,0.005629838142153414
0,277,1,0.03773584905660377
0,278,0,0.0010116337885685382
0,279,0,0.0
0,280,0,0.0062176165803108805
0,281,0,0.032
0,282,0,0.0046430644225188625
0,283,0,0.049180327868852465
0,284,0,0.0058571750394232945
0,285,0,0.006472491909385114
0,286,0,0.006024096385542169
0,287,0,0.009900990099009901
0,288,0,0.0018821757952192737
0,289,0,0.016551724137931035
0,290,2,0.001148105625717566
0,291,1,0.06382978723404256
0,292,0,0.0025284450063211123
0,293,0,0.014911463187325258
0,294,0,0.0027210884353741495
0,295,0,0.02364066193853428
0,296,0,0.004714757190004715
0,297,0,0.022222222222222223
0,298,0,0.0033333333333333335
0,299,0,0.031496062992125984
0,300,0,0.01766233766233766
0,301,0,0.029850746268656716
0,302,0,0.00287686996547756
0,303,0,0.015384615384615384
0,304,0,0.005551700208188758
0,305,0,0.029197080291970802
0,306,0,0.011527377521613834
0,307,1,0.06134969325153375
0,308,0,0.005673758865248227
0,309,0,0.03187250996015936
0,310,0,0.0038461538461538464
0,311,0,0.030075187969924814
0,312,0,0.003552397868561278
0,313,1,0.014311270125223615
0,314,0,0.0028591851322373124
0,315,0,0.009404388714733541
0,316,0,0.0020675396278428673
0,317,0,0.022346368715083796
0,318,0,0.006631927996210327
0,319,0,0.018148820326678767
0,320,0,0.01362088535754824
0,321,0,0.031578947368421054
0,322,0,0.004854368932038835
0,323,0,0.039525691699604744
0,324,0,0.010030090270812437
0,325,0,0.06593406593406594
0,326,0,0.0067226890756302525
0,327,1,0.05128205128205129
0,328,0,0.0077459333849728895
0,329,1,0.08196721311475409
0,330,0,0.003642987249544627
0,331,1,0.04186046511627906
0,332,0,0.006177606177606178
0,333,0,0.03215434083601286
0,334,0,0.004462293618920124
0,335,0,0.04109589041095891
0,336,0,0.03110704483074108
0,337,0,0.0182648401826484
0,338,0,0.00482392667631452
0,339,0,0.031545741324921134
0,340,0,0.005457025920873123
0,341,0,0.019801980198019802
0,342,0,0.005427408412483039
0,343,0,0.02666666666666667
0,344,1,0.018880647336480108
0,345,0,0.01886792452830189
0,346,0,0.007319304666056725
0,347,0,0.022099447513812154
0,348,0,0.004701457451810061
0,349,0,0.02531645569620253
0,350,0,0.0017214666896195555
0,351,0,0.014002333722287047
0,352,1,0.005369127516778524
0,353,0,0.0
0,354,1,0.0076824583866837385
0,355,0,0.0641711229946524
0,356,0,0.0023099133782483153
0,357,0,0.023289665211062592
0,358,0,0.004486316733961417
0,359,0,0.04324324324324324
0,360,0,0.002622606871230003
0,361,0,0.0
0,362,0,0.0037495313085864263
0,363,1,0.12878787878787878
0,364,0,0.018276762402088774
0,365,0,0.02586206896551724
0,366,0,0.0
0,367,0,0.0
0,368,0,0.003513394817742644
0,369,0,0.015717092337917484
0,370,0,0.015822784810126583
0,371,0,0.04848484848484848
0,372,0,0.005035246727089627
0,373,0,0.03234501347708895
0,374,0,0.0050031269543464665
0,375,0,0.018433179723502304
0,376,0,0.0017142857142857142
0,377,0,0.01171875
0,378,0,0.004208311415044713
0,379,0,0.023391812865497075
0,380,0,0.028846153846153844
0,381,0,0.02097902097902098
0,382,0,0.0027586206896551726
0,383,0,0.01990049751243781
0,384,0,0.014035087719298244
0,385,0,0.018518518518518514
0,386,0,0.0070360598065083565
0,387,0,0.14285714285714288
0,388,0,0.013201320132013201
0,389,0,0.02272727272727273
0,390,0,0.009107468123861567
0,391,0,0.010638297872340427
0,392,0,0.003469210754553339
0,393,0,0.025078369905956115
0,394,0,0.006722689075630252
0,395,1,0.056338028169014086
0,396,0,0.008952551477170993
0,397,0,0.04123711340206186
0,398,1,0.01384083044982699
0,399,0,0.04255319148936171
0,400,1,0.005274261603375527
0,401,0,0.024242424242424246
0,402,0,0.0020811654526534857
0,403,0,0.0
0,404,0,0.006484483557202408
0,405,0,0.016042780748663103
0,406,0,0.0030643513789581204
0,407,0,0.009554140127388535
0,408,0,0.003305785123966942
0,409,0,0.04210526315789474
0,410,0,0.006779661016949153
0,411,0,0.034013605442176874
0,412,0,0.0
0,413,0,0.0
0,414,0,0.0059952038369304565
0,415,0,0.08333333333333333
0,416,0,0.0021390374331550807
0,417,0,0.02728226652675761
0,418,0,0.004672897196261682
0,419,0,0.022641509433962263
0,420,0,0.0030303030303030303
0,421,0,0.028708133971291867
0,422,0,0.0022396416573348264
0,423,0,0.0072992700729927005
0,424,0,0.00764609503003823
0,425,0,0.0
0,426,0,0.004410143329658214
0,427,0,0.029673590504451036
0,428,0,0.0039005363237445156
0,429,0,0.04040404040404041
0,430,0,0.005394470667565746
0,431,0,0.011428571428571427
0,432,0,0.0031512605042016808
0,433,0,0.018779342723004695
0,434,0,0.0032948929159802307
0,435,1,0.036269430051813475
0,436,0,0.006150691952844696
0,437,1,0.04608294930875576
0,438,0,0.010441592342832281
0,439,0,0.015748031496062992
0,440,0,0.004125838060856111
0,441,0,0.0215633423180593
0,442,0,0.0027816411682892906
0,443,1,0.016666666666666666
0,444,0,0.008583690987124463
0,445,0,0.05947955390334572
0,446,1,0.0020654044750430295
0,447,0,0.012806830309498399
0,448,0,0.003074085459575776
0,449,0,0.027459954233409613
0,450,0,0.0032397408207343412
0,451,0,0.025380710659898473
0,452,0,0.00165809981760902
0,453,0,0.013071895424836602
0,454,0,0.01185185185185185
0,455,0,0.054421768707483
0,456,0,0.00976800976800977
0,457,0,0.02643171806167401
0,458,0,0.012671594508975712
0,459,0,0.04081632653061225
0,460,0,0.00494743351886209
0,461,0,0.031152647975077878
0,462,0,0.005095541401273886
0,463,0,0.023364485981308414
0,464,0,0.005547850208044383
0,465,0,0.011111111111111112
0,466,0,0.0025361399949277203
0,467,0,0.017094017094017096
0,468,0,0.00815494393476045
0,469,0,0.1111111111111111
0,470,0,0.01233616037008481
0,471,1,0.072992700729927
0,472,0,0.0034364261168384883
0,473,0,0.0037950664136622383
0,474,0,0.0034453057708871662
0,475,0,0.06802721088435373
0,476,0,0.0025157232704402514
0,477,0,0.013140604467805518
0,478,0,0.0036644951140065146
0,479,0,0.0
0,480,0,0.004048582995951417
0,481,0,0.014814814814814815
0,482,1,0.009900990099009901
0,483,1,0.04204204204204204
0,484,0,0.0032245062474808546
0,485,0,0.02578268876611418
0,486,0,0.016977928692699495
0,487,0,0.14285714285714288
0,488,0,0.002123517961422757
0,489,0,0.009942004971002486
0,490,0,0.00552791597567717
0,491,0,0.0449438202247191
0,492,0,0.023068050749711647
0,493,0,0.0182648401826484
0,494,0,0.0032042723631508676
0,495,0,0.018376722817764164
0,496,0,0.004935225169648365
0,497,0,0.019960079840319358
0,498,0,0.002351834430856068
0,499,0,0.02127659574468085
0,500,0,0.05547445255474453
0,501,0,0.037037037037037035
0,502,0,0.008695652173913044
0,503,0,0.02158273381294964
0,504,0,0.00467562828755114
0,505,0,0.03292181069958848
0,506,0,0.002840909090909091
0,507,0,0.015444015444015441
0,508,0,0.002757669769045157
0,509,0,0.01697792869269949
0,510,0,0.006145966709346991
0,511,0,0.008421052631578947
0,512,0,0.002946954813359529
0,513,0,0.016713091922005572
0,514,0,0.0036536353671903546
0,515,0,0.02955665024630542
0,516,0,0.00334001336005344
0,517,0,0.021052631578947368
0,518,1,0.005729017473503294
0,519,0,0.012944983818770225
0,520,0,0.0037611659614480496
0,521,0,0.022151898734177212
0,522,0,0.0034904013961605585
0,523,0,0.027874564459930314
0,524,0,0.0021041557075223566
0,525,0,0.011363636363636364
0,526,0,0.0097442143727162
0,527,0,0.04149377593360996
0,528,0,0.009165902841429882
0,529,0,0.04013377926421404
0,530,0,0.009370119729307654
0,531,0,0.021052631578947368
0,532,0,0.0026542800265428003
0,533,0,0.013904982618771728
0,534,0,0.0029956936903201645
0,535,1,0.013544018058690743
0,536,0,0.015655577299412915
0,537,0,0.03389830508474576
0,538,0,0.0017152658662092624
0,539,1,0.015957446808510637
0,540,0,0.0026324448831852587
0,541,0,0.028503562945368172
0,542,0,0.0024539877300613494
0,543,0,0.010007147962830592
0,544,0,0.010178117048346055
0,545,0,0.09523809523809525
0,546,0,0.008267090620031796
0,547,1,0.058823529411764705
0,548,1,0.009523809523809523
0,549,0,0.021897810218978103
0,550,0,0.025974025974025976
0,551,0,0.11538461538461538
0,552,0,0.003942828979793002
0,553,0,0.021582733812949638
0,554,0,0.00390625
0,555,0,0.02857142857142857
0,556,0,0.004106776180698152
0,557,0,0.02967359050445104
0,558,0,0.004441976679622432
0,559,1,0.04255319148936171
0,560,0,0.016713091922005575
0,561,0,0.029411764705882353
0,562,1,0.004464285714285715
0,563,0,0.017804154302670627
0,564,0,0.019461077844311375
0,565,0,0.024096385542168676
0,566,0,0.0024697456162015314
0,567,1,0.01483679525222552
0,568,0,0.010443864229765013
0,569,0,0.051612903225806445
0,570,0,0.005597760895641743
0,571,0,0.016460905349794237
0,572,0,0.00291970802919708
0,573,0,0.01818181818181818
0,574,0,0.003038359285985568
0,575,0,0.015364916773367479
0,576,0,0.00819672131147541
0,577,0,0.01379310344827586
0,578,0,0.0017349815658208628
0,579,0,0.013986013986013986
0,580,0,0.0037950664136622396
0,581,0,0.0410958904109589
0,582,0,0.002983961208504289
0,583,1,0.013856812933025403
0,584,0,0.008350730688935281
0,585,0,0.027247956403269758
0,586,1,0.0075164422173504535
0,587,0,0.0
0,588,0,0.006430868167202573
0,589,0,0.043795620437956206
0,590,0,0.0022614201718679327
0,591,0,0.013856812933025403
0,592,0,0.00481637567730283
0,593,0,0.03571428571428571
0,594,2,0.01167883211678832
0,595,0,0.05217391304347826
0,596,0,0.00888494002665482
0,597,2,0.06718346253229975
0,598,0,0.0019807328711623304
0,599,0,0.008948545861297539
0,600,0,0.0006950719399457844
0,601,0,0.006818956699624957
0,602,0,0.0009268699601445917
0,603,0,0.006916996047430829
0,604,0,0.0007879444499162809
0,605,0,0.005777961205117623
0,606,0,0.000669848446788914
0,607,1,0.006718924972004479
0,608,0,0.0007611074112834174
0,609,0,0.004235044997353098
0,610,0,0.000744393784311901
0,611,0,0.007067137809187279
0,612,0,0.0007463614877472323
0,613,0,0.009976976208749041
0,614,0,0.0006572893387669252
0,615,0,0.007168458781362008
0,616,0,0.0006155266599984613
0,617,0,0.008502598016060464
0,618,0,0.0008482963381874735
0,619,0,0.004225352112676057
0,620,0,0.0013856172925038105
0,621,0,0.01785714285714286
0,622,0,0.0017740981667652277
0,623,0,0.031180400890868598
0,624,0,0.0007840062720501764
0,625,0,0.024456521739130436
0,626,0,0.002592352559948153
0,627,0,0.0156385751520417
0,628,0,0.0011029918654349925
0,629,0,0.021937842778793418
0,630,0,0.001276161306789178
0,631,0,0.015698587127158554
0,632,0,0.0011441647597254007
0,633,0,0.012987012987012988
1,0,1,0.0018009905447996398
1,1,0,0.020274299344066785
1,2,0,0.0005827505827505828
1,3,0,0.004658385093167703
1,4,0,0.0005546004104043037
1,5,0,0.013655206047305536
1,6,0,0.001695568400770713
1,7,0,0.005084745762711864
1,8,0,0.0020588487604014756
1,9,0,0.006856359273225917
1,10,0,0.0009210647508519848
1,11,0,0.005245410266017234
1,12,0,0.00035158653423573874
1,13,0,0.003015226895823911
1,14,0,0.0015239256324291375
1,15,0,0.004763164858428156
1,16,1,0.0013674044953422785
1,17,0,0.005043227665706051
1,18,0,0.003367003367003367
1,19,0,0.011235955056179775
1,20,0,0.0004967298617435218
1,21,0,0.014840989399293288
1,22,0,0.0005245488879563575
1,23,0,0.0028004667444574095
1,24,0,0.0013600816048962936
1,25,0,0.006658595641646488
1,26,0,0.0008002400720216064
1,27,0,0.004524886877828055
1,28,0,0.0008510638297872341
1,29,0,0.005173688100517369
1,30,0,0.0010484927916120576
1,31,0,0.005988023952095808
1,32,0,0.00044125758411472693
1,33,0,0.004734350341925302
1,34,0,0.000756501182033097
1,35,0,0.010546500479386387
1,36,0,0.0017543859649122805
1,37,0,0.023404255319148935
1,38,1,0.011983223487118036
1,39,0,0.0
1,40,0,0.013463480309660047
1,41,0,0.014285714285714285
1,42,0,0.0007552157084867367
1,43,2,0.09841269841269841
1,44,0,0.0007273388489862716
1,45,0,0.011644832605531298
1,46,0,0.0005384546351969847
1,47,0,0.006063230835859679
1,48,0,0.0011831519167061052
1,49,0,0.015252621544327934
1,50,0,0.0012658227848101266
1,51,1,0.06987258528565557
1,52,0,0.0008599191675982457
1,53,0,0.005571030640668524
1,54,0,0.001149205133116261
1,55,0,0.011899702507437313
1,56,0,0.002911490683229814
1,57,1,0.06829268292682927
1,58,0,0.0010340192327577295
1,59,1,0.00856164383561644
1,60,1,0.004073696879918526
1,61,1,0.006393861892583121
1,62,0,0.0008544269998931967
1,63,1,0.00954829232464194
1,64,0,0.002402957486136784
1,65,0,0.010493179433368308
1,66,0,0.0014303593777936707
1,67,0,0.009251471825063078
1,68,0,0.0
1,69,0,0.00718562874251497
1,70,0,0.000495785820525533
1,71,0,0.012562814070351758
1,72,0,0.003695393955391316
1,73,0,0.012158054711246199
1,74,0,0.0025818944650637405
1,75,1,0.0389344262295082
1,76,0,0.0032973621103117505
1,77,0,0.011892963330029732
1,78,0,0.008345752608047692
1,79,0,0.017518248175182483
1,80,0,0.0019371011850501366
1,81,0,0.007614213197969543
1,82,0,0.0
1,83,0,0.025518341307814992
1,84,0,0.000861141011840689
1,85,0,0.06372194062273714
1,86,0,0.0020721094073767096
1,87,0,0.009784735812133074
1,88,0,0.0012608750472828144
1,89,0,0.012448132780082987
1,90,0,0.0013673655423883319
1,91,0,0.013220018885741265
1,92,0,0.0027531956735496557
1,93,0,0.06752037252619325
1,94,0,0.001590246488205672
1,95,0,0.04693140794223826
1,96,0,0.0006112002444800977
1,97,0,0.036939313984168866
1,98,0,0.001259106034715352
1,99,0,0.010633156114064764
1,100,0,0.0021480354425848025
1,101,0,0.010353753235547885
1,102,0,0.005655042412818096
1,103,0,0.06334841628959276
1,104,0,0.0029596744358120603
1,105,0,0.02054794520547945
1,106,0,0.0021511158913686476
1,107,0,0.015075376884422108
1,108,0,0.0026536930561698365
1,109,1,0.05025125628140704
1,110,0,0.001380071763731714
1,111,0,0.006472491909385114
1,112,1,0.003675431156347187
1,113,0,0.004817342432757929
1,114,0,0.00274442538593482
1,115,0,0.03821656050955414
1,116,0,0.0017937219730941702
1,117,0,0.00969787392763894
1,118,0,0.0030674846625766868
1,119,0,0.013148283418553688
1,120,0,0.0024582104228121925
1,121,0,0.010869565217391302
1,122,0,0.0021715526601520083
1,123,0,0.014311270125223612
1,124,0,0.0019024970273483948
1,125,0,0.0
1,126,0,0.0018091361374943462
1,127,0,0.015921616656460504
1,128,0,0.002547770700636943
1,129,0,0.006828528072837633
1,130,0,0.003168316831683168
1,131,0,0.011621150493898896
1,132,1,0.004829751267809708
1,133,0,0.008592910848549948
1,134,0,0.0015446400988569666
1,135,0,0.011545862732520847
1,136,0,0.0007903055848261328
1,137,0,0.008406893652795294
1,138,1,0.005424577508867097
1,139,1,0.008555133079847909
1,140,0,0.005912786400591279
1,141,0,0.03194888178913738
1,142,0,0.0015375744762636937
1,143,0,0.011225444340505144
1,144,0,0.002580169553999263
1,145,0,0.0061322820849759084
1,146,0,0.0012773023374632777
1,147,0,0.0026631158455392807
1,148,0,0.0039011703511053317
1,149,0,0.09165302782324058
1,150,0,0.0015124779430299975
1,151,0,0.031347962382445145
1,152,0,0.0008511543781253325
1,153,0,0.0036374658987571988
1,154,0,0.0030995738086013174
1,155,0,0.01603206412825651
1,156,0,0.003151467402009061
1,157,1,0.03157894736842106
1,158,0,0.001894736842105263
1,159,0,0.005457025920873123
1,160,0,0.000764428589629252
1,161,0,0.02277432712215321
1,162,0,0.0015804030027657052
1,163,0,0.0052980132450331134
1,164,2,0.0019693346462230973
1,165,0,0.006947459834997829
1,166,0,0.003929974991068239
1,167,0,0.011299435028248588
1,168,0,0.00391708829769871
1,169,0,0.010010725777618877
1,170,1,0.003083491461100569
1,171,1,0.012861736334405146
1,172,0,0.002877007911771758
1,173,0,0.03663190027982702
1,174,0,0.0014871731317387534
1,175,0,0.009315657470440702
1,176,0,0.0018570102135561746
1,177,0,0.016541945647892874
1,178,0,0.002688172043010753
1,179,0,0.008336807002917883
1,180,0,0.003240615716986227
1,181,0,0.00788436268068331
1,182,0,0.000860141063134354
1,183,0,0.004859611231101512
1,184,1,0.0036437246963562753
1,185,0,0.008368200836820083
1,186,0,0.001549529607083564
1,187,0,0.0
1,188,0,0.0009690704998788661
1,189,0,0.0032754667540124465
1,190,0,0.0016857314870559906
1,191,0,0.00872885979268958
1,192,0,0.0009915716410510659
1,193,0,0.004801097393689987
1,194,1,0.0014602803738317756
1,195,0,0.0054990376684080295
1,196,0,0.0008576329331046311
1,197,0,0.008549618320610687
1,198,0,0.0009450679267572357
1,199,0,0.006821705426356589
1,200,0,0.00611246943765281
1,201,0,0.08695652173913045
1,202,0,0.0007898374251299941
1,203,0,0.00604026845637584
1,204,0,0.001322751322751323
1,205,0,0.013034033309196235
1,206,1,0.0020320040640081274
1,207,0,0.007246376811594203
1,208,0,0.001200600300150075
1,209,0,0.007391763463569166
1,210,0,0.001446305893696517
1,211,0,0.004443033957473818
1,212,0,0.0005847953216374269
1,213,0,0.002559181062060141
1,214,0,0.003082851637764932
1,215,0,0.008249312557286892
1,216,1,0.0011980033277870215
1,217,0,0.003713637301423561
1,218,0,0.001364256480218281
1,219,0,0.0029055690072639223
1,220,0,0.006068487212830516
1,221,0,0.025
1,222,0,0.004273504273504273
1,223,0,0.02097902097902098
1,224,0,0.006144393241167434
1,225,1,0.03636363636363636
1,226,0,0.0013895321908290875
1,227,0,0.0
1,228,0,0.002128112364332837
1,229,0,0.01692524682651622
1,230,0,0.00982800982800983
1,231,0,0.04524886877828054
1,232,0,0.01105990783410138
1,233,0,0.0449438202247191
1,234,0,0.002425418384671356
1,235,0,0.014684287812041114
1,236,1,0.008385744234800837
1,237,0,0.022346368715083796
1,238,0,0.011577424023154849
1,239,0,0.047337278106508875
1,240,0,0.00423728813559322
1,241,0,0.027855153203342618
1,242,1,0.0032505224053865803
1,243,0,0.007884362680683312
1,244,0,0.007376185458377239
1,245,0,0.038216560509554146
1,246,0,0.0
1,247,0,0.03973509933774834
1,248,0,0.005449591280653951
1,249,0,0.0718562874251497
1,250,0,0.00997229916897507
1,251,0,0.032432432432432434
1,252,0,0.004994648590795577
1,253,0,0.02016806722689076
1,254,0,0.014607425441265975
1,255,0,0.01451905626134301
1,256,1,0.007243096423721141
1,257,0,0.023364485981308414
1,258,0,0.0021691973969631233
1,259,0,0.01628222523744912
1,260,0,0.004869141813755326
1,261,0,0.0
1,262,0,0.008743169398907106
1,263,0,0.07407407407407407
1,264,0,0.0
1,265,1,0.0
1,266,0,0.006329113924050634
1,267,0,0.010152284263959392
1,268,0,0.023961661341853038
1,269,0,0.017241379310344827
1,270,0,0.0046019328117809484
1,271,0,0.024305555555555556
1,272,0,0.003911707180776753
1,273,0,0.031042128603104215
1,274,0,0.011235955056179775
1,275,0,0.052631578947368425
1,276,0,0.005629838142153414
1,277,1,0.03773584905660377
1,278,0,0.0
1,279,2,0.05056179775280899
1,280,0,0.004151530877010897
1,281,0,0.032
1,282,0,0.0046430644225188625
1,283,0,0.049180327868852465
1,284,0,0.0058571750394232945
1,285,0,0.006472491909385114
1,286,0,0.006024096385542169
1,287,0,0.009900990099009901
1,288,0,0.0018821757952192737
1,289,0,0.0
1,290,2,0.001148105625717566
1,291,1,0.06382978723404256
1,292,0,0.0025284450063211123
1,293,0,0.01492537313432836
1,294,0,0.0027210884353741495
1,295,0,0.02364066193853428
1,296,0,0.004714757190004715
1,297,1,0.018621973929236497
1,298,0,0.0033333333333333335
1,299,0,0.031496062992125984
1,300,0,0.01766233766233766
1,301,0,0.029850746268656716
1,302,0,0.00287686996547756
1,303,0,0.022900763358778626
1,304,0,0.01657458563535912
1,305,0,0.04332129963898917
1,306,0,0.011527377521613834
1,307,1,0.182648401826484
1,308,0,0.005673758865248227
1,309,0,0.03149606299212598
1,310,0,0.002306805074971165
1,311,0,0.0
1,312,1,0.002841918294849023
1,313,1,0.014311270125223615
1,314,0,0.0028591851322373124
1,315,0,0.009404388714733541
1,316,0,0.0024096385542168672
1,317,0,0.022346368715083796
1,318,0,0.010392064241851677
1,319,0,0.018148820326678767
1,320,0,0.01362088535754824
1,321,0,0.031578947368421054
1,322,0,0.004854368932038835
1,323,0,0.039525691699604744
1,324,0,0.010030090270812437
1,325,0,0.06593406593406594
1,326,0,0.0067226890756302525
1,327,0,0.05128205128205129
1,328,0,0.0077459333849728895
1,329,1,0.08196721311475409
1,330,0,0.003642987249544627
1,331,1,0.04186046511627906
1,332,1,0.007692307692307692
1,333,0,0.03215434083601286
1,334,0,0.004462293618920124
1,335,0,0.04109589041095891
1,336,0,0.02580645161290323
1,337,0,0.0182648401826484
1,338,0,0.007692307692307692
1,339,0,0.031545741324921134
1,340,0,0.0013679890560875513
1,341,0,0.019801980198019802
1,342,0,0.005417607223476298
1,343,0,0.02666666666666667
1,344,0,0.013486176668914362
1,345,0,0.01886792452830189
1,346,0,0.007319304666056725
1,347,0,0.022099447513812154
1,348,0,0.004701457451810061
1,349,0,0.0
1,350,0,0.0017214666896195555
1,351,0,0.014002333722287047
1,352,0,0.0044822949350067235
1,353,0,0.0
1,354,1,0.0076824583866837385
1,355,0,0.0641711229946524
1,356,0,0.0023099133782483153
1,357,0,0.017751479289940825
1,358,0,0.0062724014336917565
1,359,0,0.04324324324324324
1,360,0,0.0026198585276395077
1,361,0,0.0
1,362,0,0.0037495313085864263
1,363,0,0.0321285140562249
1,364,0,0.018276762402088774
1,365,0,0.02586206896551724
1,366,0,0.0
1,367,0,0.0
1,368,0,0.003513394817742644
1,369,0,0.015717092337917484
1,370,0,0.015822784810126583
1,371,0,0.04848484848484848
1,372,0,0.005035246727089627
1,373,0,0.03234501347708895
1,374,0,0.0050031269543464665
1,375,0,0.018433179723502304
1,376,0,0.0017142857142857142
1,377,0,0.01171875
1,378,2,0.009419152276295134
1,379,0,0.023391812865497075
1,380,0,0.03044871794871795
1,381,0,0.02097902097902098
1,382,0,0.0027586206896551726
1,383,0,0.01990049751243781
1,384,0,0.014035087719298244
1,385,0,0.018518518518518514
1,386,0,0.008787346221441126
1,387,0,0.14285714285714288
1,388,1,0.0033112582781456954
1,389,0,0.02272727272727273
1,390,0,0.007339449541284403
1,391,0,0.010638297872340427
1,392,0,0.003469210754553339
1,393,0,0.025078369905956115
1,394,0,0.006722689075630252
1,395,1,0.056338028169014086
1,396,0,0.008952551477170993
1,397,0,0.04123711340206186
1,398,1,0.01613832853025936
1,399,0,0.04255319148936171
1,400,1,0.004748087575837509
1,401,0,0.004115226337448559
1,402,0,0.0026001040041601664
1,403,0,0.0
1,404,0,0.005563282336578582
1,405,0,0.016000000000000004
1,406,0,0.0030643513789581204
1,407,0,0.02197802197802198
1,408,0,0.003305785123966942
1,409,0,0.04210526315789474
1,410,0,0.012186865267433988
1,411,0,0.034013605442176874
1,412,0,0.0
1,413,1,0.014184397163120569
1,414,0,0.008413461538461538
1,415,0,0.08333333333333333
1,416,0,0.0021390374331550807
1,417,1,0.027310924369747896
1,418,0,0.004005340453938584
1,419,0,0.022641509433962263
1,420,0,0.0030303030303030303
1,421,0,0.028708133971291867
1,422,0,0.0022396416573348264
1,423,0,0.0072992700729927005
1,424,0,0.00764609503003823
1,425,0,0.0
1,426,0,0.003312172232956114
1,427,0,0.029673590504451036
1,428,0,0.0039005363237445156
1,429,0,0.040268456375838924
1,430,0,0.005394470667565746
1,431,1,0.01904761904761905
1,432,0,0.0031512605042016808
1,433,0,0.018779342723004695
1,434,0,0.0032948929159802307
1,435,1,0.04615384615384615
1,436,0,0.006150691952844696
1,437,1,0.04608294930875576
1,438,0,0.008275261324041812
1,439,0,0.015748031496062992
1,440,0,0.004125838060856111
1,441,0,0.020618556701030927
1,442,0,0.0027816411682892906
1,443,0,0.016666666666666666
1,444,0,0.007728638900815801
1,445,0,0.05947955390334572
1,446,0,0.0051599587203302365
1,447,0,0.012806830309498399
1,448,0,0.003686635944700461
1,449,0,0.027459954233409613
1,450,0,0.0032397408207343412
1,451,0,0.025380710659898473
1,452,0,0.00165809981760902
1,453,0,0.013071895424836602
1,454,0,0.01185185185185185
1,455,0,0.054421768707483
1,456,0,0.00976800976800977
1,457,0,0.02643171806167401
1,458,0,0.0
1,459,0,0.04081632653061225
1,460,0,0.00494743351886209
1,461,0,0.031152647975077878
1,462,0,0.010145846544071021
1,463,0,0.023364485981308414
1,464,0,0.005547850208044383
1,465,0,0.011111111111111112
1,466,0,0.0025361399949277203
1,467,0,0.017094017094017096
1,468,0,0.0
1,469,0,0.11764705882352942
1,470,0,0.01233616037008481
1,471,0,0.04477611940298507
1,472,0,0.0
1,473,0,0.0
1,474,0,0.0034453057708871662
1,475,0,0.06802721088435373
1,476,0,0.0010073029463611182
1,477,0,0.013140604467805518
1,478,0,0.0
1,479,0,0.003546099290780142
1,480,0,0.004048582995951417
1,481,0,0.014814814814814815
1,482,0,0.01976005645730416
1,483,0,0.03067484662576687
1,484,0,0.0032245062474808546
1,485,0,0.02578268876611418
1,486,1,0.022071307300509335
1,487,0,0.14285714285714288
1,488,1,0.0021231422505307855
1,489,0,0.009942004971002486
1,490,0,0.0011049723756906076
1,491,0,0.007751937984496124
1,492,0,0.013953488372093023
1,493,0,0.0182648401826484
1,494,0,0.008002133902373967
1,495,0,0.018348623853211007
1,496,0,0.007389162561576354
1,497,0,0.019960079840319358
1,498,0,0.002351834430856068
1,499,0,0.021238938053097345
1,500,0,0.04685212298682285
1,501,0,0.029850746268656716
1,502,0,0.0027262813522355507
1,503,0,0.02158273381294964
1,504,0,0.0011668611435239206
1,505,0,0.03292181069958848
1,506,0,0.0
1,507,0,0.0
1,508,0,0.002757669769045157
1,509,0,0.01697792869269949
1,510,0,0.006145966709346991
1,511,0,0.008421052631578947
1,512,0,0.003925417075564278
1,513,0,0.016713091922005572
1,514,0,0.0036536353671903546
1,515,0,0.02955665024630542
1,516,0,0.00334001336005344
1,517,0,0.021052631578947368
1,518,0,0.004592422502870264
1,519,0,0.0032894736842105266
1,520,0,0.0037611659614480496
1,521,0,0.02211690363349131
1,522,0,0.0034904013961605585
1,523,1,0.03119584055459272
1,524,0,0.00890985324947589
1,525,0,0.011363636363636364
1,526,0,0.0097442143727162
1,527,2,0.056
1,528,0,0.0091324200913242
1,529,0,0.006872852233676976
1,530,0,0.004179728317659352
1,531,0,0.021052631578947368
1,532,0,0.0026542800265428003
1,533,0,0.0
1,534,0,0.0029956936903201645
1,535,1,0.013544018058690743
1,536,0,0.015655577299412915
1,537,0,0.03389830508474576
1,538,0,0.0017176228100309172
1,539,1,0.015957446808510637
1,540,0,0.0026324448831852587
1,541,0,0.028503562945368172
1,542,0,0.0024539877300613494
1,543,0,0.0
1,544,0,0.010178117048346055
1,545,0,0.04
1,546,0,0.008267090620031796
1,547,1,0.058823529411764705
1,548,1,0.009523809523809523
1,549,0,0.02181818181818182
1,550,0,0.01148482362592289
1,551,0,0.11538461538461538
1,552,0,0.003942828979793002
1,553,0,0.021582733812949638
1,554,0,0.005470887065259867
1,555,0,0.02464065708418891
1,556,0,0.004106776180698152
1,557,0,0.02958579881656805
1,558,0,0.004441976679622432
1,559,1,0.04255319148936171
1,560,0,0.007469654528478058
1,561,0,0.03636363636363636
1,562,1,0.004464285714285715
1,563,0,0.017804154302670627
1,564,0,0.01797752808988764
1,565,0,0.024096385542168676
1,566,0,0.0024691358024691358
1,567,1,0.01483679525222552
1,568,0,0.010443864229765013
1,569,0,0.051612903225806445
1,570,0,0.0048
1,571,0,0.016460905349794237
1,572,0,0.00291970802919708
1,573,0,0.01818181818181818
1,574,0,0.003038359285985568
1,575,0,0.0
1,576,0,0.004092769440654844
1,577,0,0.0
1,578,0,0.0017349815658208628
1,579,0,0.013986013986013986
1,580,0,0.0037950664136622396
1,581,0,0.0410958904109589
1,582,0,0.002983961208504289
1,583,1,0.013856812933025403
1,584,1,0.005576856047403277
1,585,0,0.0056022408963585435
1,586,1,0.0075187969924812035
1,587,0,0.0
1,588,0,0.0064350064350064354
1,589,0,0.043795620437956206
1,590,0,0.0022614201718679327
1,591,0,0.013856812933025403
1,592,0,0.00481637567730283
1,593,0,0.03571428571428571
1,594,1,0.007352941176470589
1,595,0,0.009090909090909092
1,596,0,0.0035714285714285718
1,597,1,0.06598984771573603
1,598,0,0.0018006662465112093
1,599,0,0.008948545861297539
1,600,0,0.0006950719399457844
1,601,0,0.006818956699624957
1,602,0,0.0007415647015202077
1,603,0,0.006916996047430829
1,604,0,0.0017714791851195747
1,605,0,0.005777961205117623
1,606,0,0.000669848446788914
1,607,1,0.006718924972004479
1,608,0,0.000951022349025202
1,609,0,0.0
1,610,0,0.000744393784311901
1,611,0,0.007067137809187279
1,612,0,0.002732919254658385
1,613,0,0.008455034588777863
1,614,0,0.0006572893387669252
1,615,0,0.007168458781362008
1,616,0,0.0006155266599984613
1,617,0,0.007557864903164856
1,618,0,0.00155444075461033
1,619,0,0.006326889279437611
1,620,0,0.001247141966327167
1,621,0,0.01785714285714286
1,622,0,0.0023647650014779783
1,623,0,0.031180400890868598
1,624,0,0.0007840062720501764
1,625,0,0.024456521739130436
1,626,0,0.0024485092899323058
1,627,0,0.012205754141238012
1,628,0,0.0011029918654349925
1,629,0,0.021937842778793418
1,630,0,0.002039255671679837
1,631,0,0.00949367088607595
1,632,0,0.0011441647597254007
1,633,0,0.012987012987012988
2,0,1,0.0018009905447996398
2,1,0,0.020274299344066785
2,2,0,0.0005827505827505828
2,3,0,0.004658385093167703
2,4,0,0.0005546004104043037
2,5,0,0.013655206047305536
2,6,0,0.001695568400770713
2,7,0,0.005084745762711864
2,8,0,0.0020588487604014756
2,9,0,0.006856359273225917
2,10,0,0.0009210647508519848
2,11,0,0.005245410266017234
2,12,0,0.00035158653423573874
2,13,0,0.003015226895823911
2,14,0,0.0015239256324291375
2,15,0,0.004763164858428156
2,16,1,0.0013674044953422785
2,17,0,0.005043227665706051
2,18,0,0.003367003367003367
2,19,0,0.011235955056179775
2,20,0,0.0004967298617435218
2,21,0,0.014840989399293288
2,22,0,0.0005245488879563575
2,23,0,0.0028004667444574095
2,24,0,0.0013600816048962936
2,25,0,0.006658595641646488
2,26,0,0.0008002400720216064
2,27,0,0.004524886877828055
2,28,0,0.0008510638297872341
2,29,0,0.005173688100517369
2,30,0,0.0010484927916120576
2,31,0,0.005988023952095808
2,32,0,0.00044125758411472693
2,33,0,0.004734350341925302
2,34,0,0.000756501182033097
2,35,0,0.010546500479386387
2,36,0,0.0017543859649122805
2,37,0,0.023404255319148935
2,38,1,0.011983223487118036
2,39,0,0.0
2,40,0,0.013463480309660047
2,41,0,0.014285714285714285
2,42,0,0.0007552157084867367
2,43,2,0.09841269841269841
2,44,0,0.0007273388489862716
2,45,0,0.011644832605531298
2,46,0,0.0005384546351969847
2,47,0,0.006063230835859679
2,48,0,0.0011831519167061052
2,49,0,0.015252621544327934
2,50,0,0.0012658227848101266
2,51,1,0.06987258528565557
2,52,0,0.0008599191675982457
2,53,0,0.005571030640668524
2,54,0,0.001149205133116261
2,55,0,0.011899702507437313
2,56,0,0.002911490683229814
2,57,1,0.06829268292682927
2,58,0,0.0010340192327577295
2,59,1,0.00856164383561644
2,60,1,0.004073696879918526
2,61,1,0.006393861892583121
2,62,0,0.0008544269998931967
2,63,1,0.00954829232464194
2,64,0,0.002402957486136784
2,65,0,0.010493179433368308
2,66,0,0.0014303593777936707
2,67,0,0.009251471825063078
2,68,0,0.0
2,69,0,0.00718562874251497
2,70,0,0.000495785820525533
2,71,0,0.012562814070351758
2,72,0,0.003695393955391316
2,73,0,0.012158054711246199
2,74,0,0.0025818944650637405
2,75,1,0.0389344262295082
2,76,0,0.0032973621103117505
2,77,0,0.011892963330029732
2,78,0,0.008345752608047692
2,79,0,0.017518248175182483
2,80,0,0.0019371011850501366
2,81,0,0.007614213197969543
2,82,0,0.0
2,83,0,0.025518341307814992
2,84,0,0.000861141011840689
2,85,0,0.06372194062273714
2,86,0,0.0020721094073767096
2,87,0,0.009784735812133074
2,88,0,0.0012608750472828144
2,89,0,0.012448132780082987
2,90,0,0.0013673655423883319
2,91,0,0.013220018885741265
2,92,0,0.0027531956735496557
2,93,0,0.06752037252619325
2,94,0,0.001590246488205672
2,95,0,0.04693140794223826
2,96,0,0.0006112002444800977
2,97,0,0.036939313984168866
2,98,0,0.001259106034715352
2,99,0,0.010633156114064764
2,100,0,0.0021480354425848025
2,101,0,0.010353753235547885
2,102,0,0.005655042412818096
2,103,0,0.06334841628959276
2,104,0,0.0029596744358120603
2,105,0,0.02054794520547945
2,106,0,0.0021511158913686476
2,107,0,0.015075376884422108
2,108,0,0.0026536930561698365
2,109,1,0.05025125628140704
2,110,0,0.001380071763731714
2,111,0,0.006472491909385114
2,112,1,0.003675431156347187
2,113,0,0.004817342432757929
2,114,0,0.00274442538593482
2,115,0,0.03821656050955414
2,116,0,0.0017937219730941702
2,117,0,0.00969787392763894
2,118,0,0.0030674846625766868
2,119,0,0.013148283418553688
2,120,0,0.0024582104228121925
2,121,0,0.010869565217391302
2,122,0,0.0021715526601520083
2,123,0,0.014311270125223612
2,124,0,0.0019024970273483948
2,125,0,0.0
2,126,0,0.0018091361374943462
2,127,0,0.015921616656460504
2,128,0,0.002547770700636943
2,129,0,0.006828528072837633
2,130,0,0.003168316831683168
2,131,0,0.011621150493898896
2,132,1,0.004829751267809708
2,133,0,0.008592910848549948
2,134,0,0.0015446400988569666
2,135,0,0.011545862732520847
2,136,0,0.0007903055848261328
2,137,0,0.008406893652795294
2,138,1,0.005424577508867097
2,139,1,0.008555133079847909
2,140,0,0.005912786400591279
2,141,0,0.03194888178913738
2,142,0,0.0015375744762636937
2,143,0,0.011225444340505144
2,144,0,0.002580169553999263
2,145,0,0.0061322820849759084
2,146,0,0.0012773023374632777
2,147,0,0.0026631158455392807
2,148,0,0.0039011703511053317
2,149,0,0.09165302782324058
2,150,0,0.0015124779430299975
2,151,0,0.031347962382445145
2,152,0,0.0008511543781253325
2,153,0,0.0036374658987571988
2,154,0,0.0030995738086013174
2,155,0,0.01603206412825651
2,156,0,0.003151467402009061
2,157,1,0.03157894736842106
2,158,0,0.001894736842105263
2,159,0,0.005457025920873123
2,160,0,0.000764428589629252
2,161,0,0.02277432712215321
2,162,0,0.0015804030027657052
2,163,0,0.0052980132450331134
2,164,2,0.0019693346462230973
2,165,0,0.006947459834997829
2,166,0,0.003929974991068239
2,167,0,0.011299435028248588
2,168,0,0.00391708829769871
2,169,0,0.010010725777618877
2,170,1,0.003083491461100569
2,171,1,0.012861736334405146
2,172,0,0.002877007911771758
2,173,0,0.03663190027982702
2,174,0,0.0014871731317387534
2,175,0,0.009315657470440702
2,176,0,0.0018570102135561746
2,177,0,0.016541945647892874
2,178,0,0.002688172043010753
2,179,0,0.008336807002917883
2,180,0,0.003240615716986227
2,181,0,0.00788436268068331
2,182,0,0.000860141063134354
2,183,0,0.004859611231101512
2,184,1,0.0036437246963562753
2,185,0,0.008368200836820083
2,186,0,0.001549529607083564
2,187,0,0.0
2,188,0,0.0009690704998788661
2,189,0,0.0032754667540124465
2,190,0,0.0016857314870559906
2,191,0,0.00872885979268958
2,192,0,0.0009915716410510659
2,193,0,0.004801097393689987
2,194,1,0.0014602803738317756
2,195,0,0.0054990376684080295
2,196,0,0.0008576329331046311
2,197,0,0.008549618320610687
2,198,0,0.0009450679267572357
2,199,0,0.006821705426356589
2,200,0,0.00611246943765281
2,201,0,0.08695652173913045
2,202,0,0.0007898374251299941
2,203,0,0.00604026845637584
2,204,0,0.001322751322751323
2,205,0,0.013034033309196235
2,206,1,0.0020320040640081274
2,207,0,0.007246376811594203
2,208,0,0.001200600300150075
2,209,0,0.007391763463569166
2,210,0,0.001446305893696517
2,211,0,0.004443033957473818
2,212,0,0.0005847953216374269
2,213,0,0.002559181062060141
2,214,0,0.003082851637764932
2,215,0,0.008249312557286892
2,216,1,0.0011980033277870215
2,217,0,0.003713637301423561
2,218,0,0.001364256480218281
2,219,0,0.0029055690072639223
2,220,0,0.006068487212830516
2,221,0,0.025
2,222,0,0.004273504273504273
2,223,0,0.02097902097902098
2,224,0,0.006144393241167434
2,225,1,0.03636363636363636
2,226,0,0.0013895321908290875
2,227,0,0.0
2,228,0,0.002128112364332837
2,229,0,0.01692524682651622
2,230,0,0.00982800982800983
2,231,0,0.04524886877828054
2,232,0,0.01105990783410138
2,233,0,0.0449438202247191
2,234,0,0.002425418384671356
2,235,0,0.014684287812041114
2,236,1,0.008385744234800837
2,237,0,0.022346368715083796
2,238,0,0.011577424023154849
2,239,0,0.047337278106508875
2,240,0,0.00423728813559322
2,241,0,0.027855153203342618
2,242,1,0.0032505224053865803
2,243,0,0.007884362680683312
2,244,0,0.007376185458377239
2,245,0,0.038216560509554146
2,246,0,0.0
2,247,0,0.03973509933774834
2,248,0,0.005449591280653951
2,249,0,0.0718562874251497
2,250,0,0.00997229916897507
2,251,0,0.032432432432432434
2,252,0,0.004994648590795577
2,253,0,0.02016806722689076
2,254,0,0.014607425441265975
2,255,0,0.01451905626134301
2,256,1,0.007243096423721141
2,257,0,0.023364485981308414
2,258,0,0.0021691973969631233
2,259,0,0.01628222523744912
2,260,0,0.004869141813755326
2,261,0,0.0
2,262,0,0.008743169398907106
2,263,0,0.07407407407407407
2,264,0,0.0
2,265,1,0.0
2,266,0,0.006329113924050634
2,267,0,0.010152284263959392
2,268,0,0.023961661341853038
2,269,0,0.017241379310344827
2,270,0,0.0046019328117809484
2,271,0,0.024305555555555556
2,272,0,0.003911707180776753
2,273,0,0.031042128603104215
2,274,0,0.011235955056179775
2,275,0,0.052631578947368425
2,276,0,0.005629838142153414
2,277,1,0.03773584905660377
2,278,0,0.0
2,279,2,0.05056179775280899
2,280,0,0.004151530877010897
2,281,0,0.032
2,282,0,0.0046430644225188625
2,283,0,0.049180327868852465
2,284,0,0.0058571750394232945
2,285,0,0.006472491909385114
2,286,0,0.006024096385542169
2,287,0,0.009900990099009901
2,288,0,0.0018821757952192737
2,289,0,0.0
2,290,2,0.001148105625717566
2,291,1,0.06382978723404256
2,292,0,0.0025284450063211123
2,293,0,0.01492537313432836
2,294,0,0.0027210884353741495
2,295,0,0.02364066193853428
2,296,0,0.004714757190004715
2,297,1,0.018621973929236497
2,298,0,0.0033333333333333335
2,299,0,0.031496062992125984
2,300,0,0.01766233766233766
2,301,0,0.029850746268656716
2,302,0,0.00287686996547756
2,303,0,0.022900763358778626
2,304,0,0.01657458563535912
2,305,0,0.04332129963898917
2,306,0,0.011527377521613834
2,307,1,0.182648401826484
2,308,0,0.005673758865248227
2,309,0,0.03149606299212598
2,310,0,0.002306805074971165
2,311,0,0.0
2,312,1,0.002841918294849023
2,313,1,0.014311270125223615
2,314,0,0.0028591851322373124
2,315,0,0.009404388714733541
2,316,0,0.0024096385542168672
2,317,0,0.022346368715083796
2,318,0,0.010392064241851677
2,319,0,0.018148820326678767
2,320,0,0.01362088535754824
2,321,0,0.031578947368421054
2,322,0,0.004854368932038835
2,323,0,0.039525691699604744
2,324,0,0.010030090270812437
2,325,0,0.06593406593406594
2,326,0,0.0067226890756302525
2,327,0,0.05128205128205129
2,328,0,0.0077459333849728895
2,329,1,0.08196721311475409
2,330,0,0.003642987249544627
2,331,1,0.04186046511627906
2,332,1,0.007692307692307692
2,333,0,0.03215434083601286
2,334,0,0.004462293618920124
2,335,0,0.04109589041095891
2,336,0,0.02580645161290323
2,337,0,0.0182648401826484
2,338,0,0.007692307692307692
2,339,0,0.031545741324921134
2,340,0,0.0013679890560875513
2,341,0,0.019801980198019802
2,342,0,0.005417607223476298
2,343,0,0.02666666666666667
2,344,0,0.013486176668914362
2,345,0,0.01886792452830189
2,346,0,0.007319304666056725
2,347,0,0.022099447513812154
2,348,0,0.004701457451810061
2,349,0,0.0
2,350,0,0.0017214666896195555
2,351,0,0.014002333722287047
2,352,0,0.0044822949350067235
2,353,0,0.0
2,354,1,0.0076824583866837385
2,355,0,0.0641711229946524
2,356,0,0.0023099133782483153
2,357,0,0.017751479289940825
2,358,0,0.0062724014336917565
2,359,0,0.04324324324324324
2,360,0,0.0026198585276395077
2,361,0,0.0
2,362,0,0.0037495313085864263
2,363,0,0.0321285140562249
2,364,0,0.018276762402088774
2,365,0,0.02586206896551724
2,366,0,0.0
2,367,0,0.0
2,368,0,0.003513394817742644
2,369,0,0.015717092337917484
2,370,0,0.015822784810126583
2,371,0,0.04848484848484848
2,372,0,0.005035246727089627
2,373,0,0.03234501347708895
2,374,0,0.0050031269543464665
2,375,0,0.018433179723502304
2,376,0,0.0017142857142857142
2,377,0,0.01171875
2,378,2,0.009419152276295134
2,379,0,0.023391812865497075
2,380,0,0.03044871794871795
2,381,0,0.02097902097902098
2,382,0,0.0027586206896551726
2,383,0,0.01990049751243781
2,384,0,0.014035087719298244
2,385,0,0.018518518518518514
2,386,0,0.008787346221441126
2,387,0,0.14285714285714288
2,388,1,0.0033112582781456954
2,389,0,0.02272727272727273
2,390,0,0.007339449541284403
2,391,0,0.010638297872340427
2,392,0,0.003469210754553339
2,393,0,0.025078369905956115
2,394,0,0.006722689075630252
2,395,1,0.056338028169014086
2,396,0,0.008952551477170993
2,397,0,0.04123711340206186
2,398,1,0.01613832853025936
2,399,0,0.04255319148936171
2,400,1,0.004748087575837509
2,401,0,0.004115226337448559
2,402,0,0.0026001040041601664
2,403,0,0.0
2,404,0,0.005563282336578582
2,405,0,0.016000000000000004
2,406,0,0.0030643513789581204
2,407,0,0.02197802197802198
2,408,0,0.003305785123966942
2,409,0,0.04210526315789474
2,410,0,0.012186865267433988
2,411,0,0.034013605442176874
2,412,0,0.0
2,413,1,0.014184397163120569
2,414,0,0.008413461538461538
2,415,0,0.08333333333333333
2,416,0,0.0021390374331550807
2,417,1,0.027310924369747896
2,418,0,0.004005340453938584
2,419,0,0.022641509433962263
2,420,0,0.0030303030303030303
2,421,0,0.028708133971291867
2,422,0,0.0022396416573348264
2,423,0,0.0072992700729927005
2,424,0,0.00764609503003823
2,425,0,0.0
2,426,0,0.003312172232956114
2,427,0,0.029673590504451036
2,428,0,0.0039005363237445156
2,429,0,0.040268456375838924
2,430,0,0.005394470667565746
2,431,1,0.01904761904761905
2,432,0,0.0031512605042016808
2,433,0,0.018779342723004695
2,434,0,0.0032948929159802307
2,435,1,0.04615384615384615
2,436,0,0.006150691952844696
2,437,1,0.04608294930875576
2,438,0,0.008275261324041812
2,439,0,0.015748031496062992
2,440,0,0.004125838060856111
2,441,0,0.020618556701030927
2,442,0,0.0027816411682892906
2,443,0,0.016666666666666666
2,444,0,0.007728638900815801
2,445,0,0.05947955390334572
2,446,0,0.0051599587203302365
2,447,0,0.012806830309498399
2,448,0,0.003686635944700461
2,449,0,0.027459954233409613
2,450,0,0.0032397408207343412
2,451,0,0.025380710659898473
2,452,0,0.00165809981760902
2,453,0,0.013071895424836602
2,454,0,0.01185185185185185
2,455,0,0.054421768707483
2,456,0,0.00976800976800977
2,457,0,0.02643171806167401
2,458,0,0.0
2,459,0,0.04081632653061225
2,460,0,0.00494743351886209
2,461,0,0.031152647975077878
2,462,0,0.010145846544071021
2,463,0,0.023364485981308414
2,464,0,0.005547850208044383
2,465,0,0.011111111111111112
2,466,0,0.0025361399949277203
2,467,0,0.017094017094017096
2,468,0,0.0
2,469,0,0.11764705882352942
2,470,0,0.01233616037008481
2,471,0,0.04477611940298507
2,472,0,0.0
2,473,0,0.0
2,474,0,0.0034453057708871662
2,475,0,0.06802721088435373
2,476,0,0.0010073029463611182
2,477,0,0.013140604467805518
2,478,0,0.0
2,479,0,0.003546099290780142
2,480,0,0.004048582995951417
2,481,0,0.014814814814814815
2,482,0,0.01976005645730416
2,483,0,0.03067484662576687
2,484,0,0.0032245062474808546
2,485,0,0.02578268876611418
2,486,1,0.022071307300509335
2,487,0,0.14285714285714288
2,488,1,0.0021231422505307855
2,489,0,0.009942004971002486
2,490,0,0.0011049723756906076
2,491,0,0.007751937984496124
2,492,0,0.013953488372093023
2,493,0,0.0182648401826484
2,494,0,0.008002133902373967
2,495,0,0.018348623853211007
2,496,0,0.007389162561576354
2,497,0,0.019960079840319358
2,498,0,0.002351834430856068
2,499,0,0.021238938053097345
2,500,0,0.04685212298682285
2,501,0,0.029850746268656716
2,502,0,0.0027262813522355507
2,503,0,0.02158273381294964
2,504,0,0.0011668611435239206
2,505,0,0.03292181069958848
2,506,0,0.0
2,507,0,0.0
2,508,0,0.002757669769045157
2,509,0,0.01697792869269949
2,510,0,0.006145966709346991
2,511,0,0.008421052631578947
2,512,0,0.003925417075564278
2,513,0,0.016713091922005572
2,514,0,0.0036536353671903546
2,515,0,0.02955665024630542
2,516,0,0.00334001336005344
2,517,0,0.021052631578947368
2,518,0,0.004592422502870264
2,519,0,0.0032894736842105266
2,520,0,0.0037611659614480496
2,521,0,0.02211690363349131
2,522,0,0.0034904013961605585
2,523,1,0.03119584055459272
2,524,0,0.00890985324947589
2,525,0,0.011363636363636364
2,526,0,0.0097442143727162
2,527,2,0.056
2,528,0,0.0091324200913242
2,529,0,0.006872852233676976
2,530,0,0.004179728317659352
2,531,0,0.021052631578947368
2,532,0,0.0026542800265428003
2,533,0,0.0
2,534,0,0.0029956936903201645
2,535,1,0.013544018058690743
2,536,0,0.015655577299412915
2,537,0,0.03389830508474576
2,538,0,0.0017176228100309172
2,539,1,0.015957446808510637
2,540,0,0.0026324448831852587
2,541,0,0.028503562945368172
2,542,0,0.0024539877300613494
2,543,0,0.0
2,544,0,0.010178117048346055
2,545,0,0.04
2,546,0,0.008267090620031796
2,547,1,0.058823529411764705
2,548,1,0.009523809523809523
2,549,0,0.02181818181818182
2,550,0,0.01148482362592289
2,551,0,0.11538461538461538
2,552,0,0.003942828979793002
2,553,0,0.021582733812949638
2,554,0,0.005470887065259867
2,555,0,0.02464065708418891
2,556,0,0.004106776180698152
2,557,0,0.02958579881656805
2,558,0,0.004441976679622432
2,559,1,0.04255319148936171
2,560,0,0.007469654528478058
2,561,0,0.03636363636363636
2,562,1,0.004464285714285715
2,563,0,0.017804154302670627
2,564,0,0.01797752808988764
2,565,0,0.024096385542168676
2,566,0,0.0024691358024691358
2,567,1,0.01483679525222552
2,568,0,0.010443864229765013
2,569,0,0.051612903225806445
2,570,0,0.0048
2,571,0,0.016460905349794237
2,572,0,0.00291970802919708
2,573,0,0.01818181818181818
2,574,0,0.003038359285985568
2,575,0,0.0
2,576,0,0.004092769440654844
2,577,0,0.0
2,578,0,0.0017349815658208628
2,579,0,0.013986013986013986
2,580,0,0.0037950664136622396
2,581,0,0.0410958904109589
2,582,0,0.002983961208504289
2,583,1,0.013856812933025403
2,584,1,0.005576856047403277
2,585,0,0.0056022408963585435
2,586,1,0.0075187969924812035
2,587,0,0.0
2,588,0,0.0064350064350064354
2,589,0,0.043795620437956206
2,590,0,0.0022614201718679327
2,591,0,0.013856812933025403
2,592,0,0.00481637567730283
2,593,0,0.03571428571428571
2,594,1,0.007352941176470589
2,595,0,0.009090909090909092
2,596,0,0.0035714285714285718
2,597,1,0.06598984771573603
2,598,0,0.0018006662465112093
2,599,0,0.008948545861297539
2,600,0,0.0006950719399457844
2,601,0,0.006818956699624957
2,602,0,0.0007415647015202077
2,603,0,0.006916996047430829
2,604,0,0.0017714791851195747
2,605,0,0.005777961205117623
2,606,0,0.000669848446788914
2,607,1,0.006718924972004479
2,608,0,0.000951022349025202
2,609,0,0.0
2,610,0,0.000744393784311901
2,611,0,0.007067137809187279
2,612,0,0.002732919254658385
2,613,0,0.008455034588777863
2,614,0,0.0006572893387669252
2,615,0,0.007168458781362008
2,616,0,0.0006155266599984613
2,617,0,0.007557864903164856
2,618,0,0.00155444075461033
2,619,0,0.006326889279437611
2,620,0,0.001247141966327167
2,621,0,0.01785714285714286
2,622,0,0.0023647650014779783
2,623,0,0.031180400890868598
2,624,0,0.0007840062720501764
2,625,0,0.024456521739130436
2,626,0,0.0024485092899323058
2,627,0,0.012205754141238012
2,628,0,0.0011029918654349925
2,629,0,0.021937842778793418
2,630,0,0.002039255671679837
2,631,0,0.00949367088607595
2,632,0,0.0011441647597254007
2,633,0,0.012987012987012988
3,0,1,0.0018009905447996398
3,1,0,0.01909307875894988
3,2,0,0.0005827505827505828
3,3,0,0.004658385093167703
3,4,0,0.0005546004104043037
3,5,0,0.02240623477837311
3,6,0,0.001695568400770713
3,7,0,0.005084745762711864
3,8,0,0.0020588487604014756
3,9,0,0.0075419952005485085
3,10,0,0.0009210647508519848
3,11,0,0.005245410266017234
3,12,0,0.00035158653423573874
3,13,0,0.003015226895823911
3,14,0,0.0015239256324291375
3,15,0,0.004763164858428156
3,16,1,0.0013674044953422785
3,17,0,0.005043227665706051
3,18,0,0.003367003367003367
3,19,0,0.011235955056179775
3,20,0,0.0004967298617435218
3,21,0,0.031977754605491834
3,22,0,0.0005245488879563575
3,23,0,0.0028004667444574095
3,24,0,0.0013600816048962936
3,25,0,0.006658595641646488
3,26,0,0.0008002400720216064
3,27,0,0.004524886877828055
3,28,0,0.0008510638297872341
3,29,0,0.005173688100517369
3,30,0,0.0010484927916120576
3,31,0,0.005988023952095808
3,32,0,0.00044125758411472693
3,33,0,0.004734350341925302
3,34,0,0.000756501182033097
3,35,0,0.010546500479386387
3,36,0,0.0017543859649122805
3,37,0,0.023404255319148935
3,38,1,0.011983223487118036
3,39,0,0.0
3,40,0,0.013463480309660047
3,41,0,0.014285714285714285
3,42,0,0.0007552157084867367
3,43,2,0.08501594048884167
3,44,0,0.0007273388489862716
3,45,0,0.011644832605531298
3,46,0,0.0005384546351969847
3,47,0,0.006063230835859679
3,48,0,0.0011831519167061052
3,49,0,0.015252621544327934
3,50,0,0.0012658227848101266
3,51,1,0.07075277663512956
3,52,0,0.0008599191675982457
3,53,0,0.005571030640668524
3,54,0,0.001149205133116261
3,55,0,0.005833333333333333
3,56,0,0.002911490683229814
3,57,1,0.06511123168746609
3,58,0,0.0010340192327577295
3,59,1,0.00856164383561644
3,60,1,0.004073696879918526
3,61,1,0.09068923821039904
3,62,0,0.0008544269998931967
3,63,1,0.00954829232464194
3,64,0,0.002402957486136784
3,65,0,0.010493179433368308
3,66,0,0.0014303593777936707
3,67,0,0.009251471825063078
3,68,0,0.0
3,69,0,0.00718562874251497
3,70,0,0.000495785820525533
3,71,0,0.012562814070351758
3,72,0,0.003695393955391316
3,73,2,0.03400637619553666
3,74,0,0.0025818944650637405
3,75,0,0.03881511746680286
3,76,0,0.0032973621103117505
3,77,0,0.011892963330029732
3,78,0,0.008345752608047692
3,79,0,0.017518248175182483
3,80,0,0.0019371011850501366
3,81,0,0.007614213197969543
3,82,0,0.0
3,83,0,0.025518341307814992
3,84,0,0.000861141011840689
3,85,1,0.030303030303030304
3,86,0,0.0020721094073767096
3,87,0,0.009784735812133074
3,88,0,0.0012608750472828144
3,89,0,0.012448132780082987
3,90,0,0.0013673655423883319
3,91,0,0.013220018885741265
3,92,0,0.0027531956735496557
3,93,1,0.05874840357598979
3,94,0,0.001590246488205672
3,95,0,0.05054151624548737
3,96,0,0.0006112002444800977
3,97,0,0.036939313984168866
3,98,0,0.001259106034715352
3,99,0,0.011599806669888833
3,100,0,0.0021480354425848025
3,101,0,0.010353753235547885
3,102,0,0.005655042412818096
3,103,0,0.06334841628959276
3,104,0,0.0029596744358120603
3,105,0,0.02054794520547945
3,106,0,0.0021511158913686476
3,107,0,0.015075376884422108
3,108,0,0.0026536930561698365
3,109,1,0.05025125628140704
3,110,0,0.001380071763731714
3,111,0,0.006472491909385114
3,112,1,0.003675431156347187
3,113,0,0.004817342432757929
3,114,0,0.00274442538593482
3,115,0,0.03455723542116631
3,116,0,0.0017937219730941702
3,117,0,0.00969787392763894
3,118,0,0.0030674846625766868
3,119,0,0.013148283418553688
3,120,0,0.0024582104228121925
3,121,0,0.010869565217391302
3,122,0,0.0021715526601520083
3,123,0,0.014311270125223612
3,124,0,0.0019024970273483948
3,125,0,0.0
3,126,0,0.0018091361374943462
3,127,0,0.015921616656460504
3,128,0,0.002547770700636943
3,129,0,0.006828528072837633
3,130,0,0.003168316831683168
3,131,0,0.011621150493898896
3,132,1,0.004829751267809708
3,133,0,0.008592910848549948
3,134,0,0.0015446400988569666
3,135,0,0.011545862732520847
3,136,0,0.0007903055848261328
3,137,0,0.007569386038687973
3,138,1,0.005424577508867097
3,139,1,0.008555133079847909
3,140,0,0.005912786400591279
3,141,0,0.03194888178913738
3,142,0,0.0015375744762636937
3,143,0,0.011225444340505144
3,144,0,0.002580169553999263
3,145,0,0.0061322820849759084
3,146,0,0.0012773023374632777
3,147,0,0.0026631158455392807
3,148,0,0.0039011703511053317
3,149,0,0.09165302782324058
3,150,0,0.0015124779430299975
3,151,0,0.031347962382445145
3,152,0,0.0008511543781253325
3,153,0,0.004187855219862399
3,154,0,0.0030995738086013174
3,155,0,0.01603206412825651
3,156,0,0.003151467402009061
3,157,1,0.03157894736842106
3,158,0,0.001894736842105263
3,159,0,0.005457025920873123
3,160,0,0.000764428589629252
3,161,0,0.02277432712215321
3,162,0,0.0015804030027657052
3,163,0,0.0052980132450331134
3,164,2,0.0019693346462230973
3,165,0,0.006947459834997829
3,166,0,0.003929974991068239
3,167,0,0.011299435028248588
3,168,0,0.00391708829769871
3,169,0,0.010010725777618877
3,170,1,0.003083491461100569
3,171,1,0.012861736334405146
3,172,0,0.002877007911771758
3,173,0,0.03868668872486638
3,174,0,0.0014871731317387534
3,175,0,0.009315657470440702
3,176,0,0.0018570102135561746
3,177,0,0.011843663639952625
3,178,0,0.002688172043010753
3,179,0,0.006680584551148226
3,180,0,0.003240615716986227
3,181,0,0.00788436268068331
3,182,0,0.000860141063134354
3,183,0,0.004859611231101512
3,184,1,0.0036437246963562753
3,185,0,0.008363826450601148
3,186,0,0.001549529607083564
3,187,0,0.0
3,188,0,0.0009690704998788661
3,189,0,0.0032754667540124465
3,190,0,0.0016857314870559906
3,191,0,0.007637752318603383
3,192,0,0.0009915716410510659
3,193,0,0.004801097393689987
3,194,1,0.0014602803738317756
3,195,0,0.0054990376684080295
3,196,0,0.0008576329331046311
3,197,0,0.00617283950617284
3,198,0,0.0009450679267572357
3,199,0,0.006821705426356589
3,200,0,0.00611246943765281
3,201,0,0.08695652173913045
3,202,0,0.0007898374251299941
3,203,0,0.00604026845637584
3,204,0,0.001322751322751323
3,205,0,0.013034033309196235
3,206,1,0.0020320040640081274
3,207,0,0.007246376811594203
3,208,0,0.001200600300150075
3,209,0,0.007391763463569166
3,210,0,0.001446305893696517
3,211,0,0.004443033957473818
3,212,0,0.0005847953216374269
3,213,0,0.002559181062060141
3,214,0,0.003082851637764932
3,215,0,0.008249312557286892
3,216,1,0.0011980033277870215
3,217,0,0.003713637301423561
3,218,0,0.001364256480218281
3,219,0,0.0029055690072639223
3,220,0,0.006068487212830516
3,221,0,0.025
3,222,0,0.004273504273504273
3,223,0,0.02097902097902098
3,224,0,0.006144393241167434
3,225,1,0.05172413793103449
3,226,0,0.0013895321908290875
3,227,0,0.0
3,228,0,0.002128112364332837
3,229,0,0.01692524682651622
3,230,0,0.00982800982800983
3,231,0,0.04524886877828054
3,232,0,0.01105990783410138
3,233,0,0.0449438202247191
3,234,0,0.002425418384671356
3,235,0,0.014684287812041114
3,236,1,0.008385744234800837
3,237,0,0.022346368715083796
3,238,0,0.011577424023154849
3,239,0,0.047337278106508875
3,240,0,0.00423728813559322
3,241,0,0.027855153203342618
3,242,1,0.0032505224053865803
3,243,0,0.007884362680683312
3,244,0,0.007376185458377239
3,245,0,0.038216560509554146
3,246,0,0.0
3,247,0,0.03973509933774834
3,248,0,0.005449591280653951
3,249,0,0.0718562874251497
3,250,0,0.00997229916897507
3,251,0,0.032432432432432434
3,252,0,0.004994648590795577
3,253,0,0.02016806722689076
3,254,0,0.014607425441265975
3,255,0,0.01451905626134301
3,256,1,0.007243096423721141
3,257,0,0.023364485981308414
3,258,0,0.0021691973969631233
3,259,0,0.016260162601626018
3,260,0,0.004869141813755326
3,261,0,0.0
3,262,0,0.008743169398907106
3,263,0,0.07407407407407407
3,264,0,0.0
3,265,1,0.0
3,266,0,0.006329113924050634
3,267,0,0.010152284263959392
3,268,0,0.023961661341853038
3,269,0,0.017241379310344827
3,270,0,0.0046019328117809484
3,271,0,0.024305555555555556
3,272,0,0.003911707180776753
3,273,0,0.031042128603104215
3,274,0,0.011235955056179775
3,275,0,0.052631578947368425
3,276,0,0.005629838142153414
3,277,1,0.03773584905660377
3,278,0,0.0
3,279,2,0.03932584269662921
3,280,0,0.004151530877010897
3,281,0,0.032
3,282,0,0.0046430644225188625
3,283,0,0.049180327868852465
3,284,0,0.0058571750394232945
3,285,0,0.006472491909385114
3,286,0,0.006024096385542169
3,287,0,0.009900990099009901
3,288,0,0.0018821757952192737
3,289,0,0.0
3,290,2,0.001148105625717566
3,291,0,0.03623188405797101
3,292,0,0.0025284450063211123
3,293,0,0.01492537313432836
3,294,0,0.0027210884353741495
3,295,0,0.02364066193853428
3,296,0,0.004714757190004715
3,297,0,0.02592592592592593
3,298,0,0.0033333333333333335
3,299,0,0.031496062992125984
3,300,0,0.01766233766233766
3,301,0,0.029850746268656716
3,302,0,0.00287686996547756
3,303,0,0.015384615384615384
3,304,0,0.01657458563535912
3,305,0,0.029197080291970802
3,306,0,0.011527377521613834
3,307,1,0.182648401826484
3,308,0,0.005673758865248227
3,309,0,0.03149606299212598
3,310,0,0.002306805074971165
3,311,0,0.0
3,312,1,0.002841918294849023
3,313,1,0.00718132854578097
3,314,0,0.0028591851322373124
3,315,0,0.009404388714733541
3,316,0,0.0024096385542168672
3,317,0,0.022346368715083796
3,318,0,0.010392064241851677
3,319,0,0.0036968576709796672
3,320,0,0.01362088535754824
3,321,0,0.031578947368421054
3,322,0,0.004854368932038835
3,323,0,0.039525691699604744
3,324,0,0.010030090270812437
3,325,0,0.06593406593406594
3,326,0,0.0067226890756302525
3,327,0,0.05128205128205129
3,328,0,0.0077459333849728895
3,329,1,0.08196721311475409
3,330,0,0.003642987249544627
3,331,1,0.04186046511627906
3,332,1,0.007692307692307692
3,333,0,0.0
3,334,0,0.004462293618920124
3,335,0,0.04109589041095891
3,336,0,0.02580645161290323
3,337,0,0.0182648401826484
3,338,0,0.007692307692307692
3,339,0,0.031545741324921134
3,340,0,0.0013679890560875513
3,341,0,0.019801980198019802
3,342,0,0.005417607223476298
3,343,0,0.026607538802660754
3,344,0,0.013486176668914362
3,345,0,0.01886792452830189
3,346,0,0.007319304666056725
3,347,0,0.022099447513812154
3,348,0,0.004701457451810061
3,349,0,0.018927444794952678
3,350,0,0.0017214666896195555
3,351,0,0.014002333722287047
3,352,0,0.0044822949350067235
3,353,0,0.0
3,354,1,0.0076824583866837385
3,355,0,0.0641711229946524
3,356,0,0.0023099133782483153
3,357,0,0.017751479289940825
3,358,0,0.0062724014336917565
3,359,0,0.04324324324324324
3,360,0,0.0026198585276395077
3,361,0,0.0
3,362,0,0.0037495313085864263
3,363,0,0.0321285140562249
3,364,0,0.018276762402088774
3,365,0,0.02586206896551724
3,366,0,0.0
3,367,0,0.0
3,368,0,0.003513394817742644
3,369,0,0.015717092337917484
3,370,0,0.015822784810126583
3,371,0,0.04848484848484848
3,372,0,0.005035246727089627
3,373,0,0.03234501347708895
3,374,0,0.0050031269543464665
3,375,0,0.018433179723502304
3,376,0,0.0017142857142857142
3,377,0,0.009532888465204958
3,378,2,0.009419152276295134
3,379,0,0.023391812865497075
3,380,0,0.03044871794871795
3,381,0,0.02097902097902098
3,382,0,0.0027586206896551726
3,383,0,0.01990049751243781
3,384,0,0.014035087719298244
3,385,0,0.018518518518518514
3,386,0,0.008787346221441126
3,387,0,0.14285714285714288
3,388,1,0.0033112582781456954
3,389,0,0.02272727272727273
3,390,0,0.007339449541284403
3,391,0,0.010638297872340427
3,392,0,0.003469210754553339
3,393,0,0.025078369905956115
3,394,0,0.006722689075630252
3,395,1,0.056338028169014086
3,396,0,0.008952551477170993
3,397,0,0.04123711340206186
3,398,1,0.01613832853025936
3,399,0,0.04255319148936171
3,400,1,0.004748087575837509
3,401,0,0.004115226337448559
3,402,0,0.0026001040041601664
3,403,0,0.0
3,404,0,0.005563282336578582
3,405,0,0.016000000000000004
3,406,0,0.0030643513789581204
3,407,0,0.02197802197802198
3,408,0,0.003305785123966942
3,409,0,0.04210526315789474
3,410,0,0.012186865267433988
3,411,0,0.034013605442176874
3,412,0,0.0
3,413,1,0.014184397163120569
3,414,0,0.008413461538461538
3,415,0,0.08333333333333333
3,416,0,0.0021390374331550807
3,417,1,0.027310924369747896
3,418,0,0.004005340453938584
3,419,0,0.022641509433962263
3,420,0,0.0030303030303030303
3,421,0,0.028708133971291867
3,422,0,0.0022396416573348264
3,423,0,0.0072992700729927005
3,424,0,0.00764609503003823
3,425,0,0.0
3,426,0,0.003312172232956114
3,427,0,0.029673590504451036
3,428,0,0.0039005363237445156
3,429,0,0.040268456375838924
3,430,0,0.005394470667565746
3,431,1,0.01904761904761905
3,432,0,0.0031512605042016808
3,433,0,0.018779342723004695
3,434,0,0.0032948929159802307
3,435,1,0.04615384615384615
3,436,0,0.006150691952844696
3,437,1,0.04608294930875576
3,438,0,0.008275261324041812
3,439,0,0.015748031496062992
3,440,0,0.004125838060856111
3,441,1,0.05555555555555555
3,442,0,0.0027816411682892906
3,443,1,0.016666666666666666
3,444,0,0.007728638900815801
3,445,0,0.05947955390334572
3,446,0,0.0051599587203302365
3,447,0,0.012806830309498399
3,448,0,0.003686635944700461
3,449,0,0.027459954233409613
3,450,0,0.0032397408207343412
3,451,0,0.025380710659898473
3,452,0,0.00165809981760902
3,453,0,0.013071895424836602
3,454,0,0.01185185185185185
3,455,0,0.054421768707483
3,456,0,0.00976800976800977
3,457,0,0.02643171806167401
3,458,0,0.0
3,459,0,0.04081632653061225
3,460,0,0.00494743351886209
3,461,0,0.031152647975077878
3,462,0,0.010145846544071021
3,463,0,0.023364485981308414
3,464,0,0.005547850208044383
3,465,0,0.011111111111111112
3,466,0,0.0025361399949277203
3,467,0,0.017094017094017096
3,468,0,0.0
3,469,0,0.11764705882352942
3,470,0,0.01233616037008481
3,471,0,0.04477611940298507
3,472,0,0.0
3,473,0,0.0
3,474,0,0.0034453057708871662
3,475,0,0.06802721088435373
3,476,0,0.0010073029463611182
3,477,0,0.013140604467805518
3,478,0,0.0
3,479,0,0.003546099290780142
3,480,0,0.004048582995951417
3,481,0,0.014814814814814815
3,482,0,0.01976005645730416
3,483,0,0.03067484662576687
3,484,0,0.0032245062474808546
3,485,0,0.02578268876611418
3,486,1,0.022071307300509335
3,487,0,0.14285714285714288
3,488,1,0.0021231422505307855
3,489,0,0.009942004971002486
3,490,0,0.0011049723756906076
3,491,0,0.007751937984496124
3,492,0,0.013953488372093023
3,493,0,0.0182648401826484
3,494,0,0.008002133902373967
3,495,0,0.018348623853211007
3,496,0,0.007389162561576354
3,497,0,0.019960079840319358
3,498,0,0.002351834430856068
3,499,0,0.02127659574468085
3,500,0,0.04685212298682285
3,501,0,0.029850746268656716
3,502,0,0.0027262813522355507
3,503,0,0.02158273381294964
3,504,0,0.0011668611435239206
3,505,0,0.03292181069958848
3,506,0,0.0
3,507,0,0.0
3,508,0,0.002757669769045157
3,509,0,0.01697792869269949
3,510,0,0.006145966709346991
3,511,0,0.008421052631578947
3,512,0,0.003925417075564278
3,513,0,0.016713091922005572
3,514,0,0.0036536353671903546
3,515,0,0.02955665024630542
3,516,0,0.00334001336005344
3,517,0,0.021052631578947368
3,518,0,0.004592422502870264
3,519,0,0.0032894736842105266
3,520,0,0.0037611659614480496
3,521,0,0.02211690363349131
3,522,0,0.0034904013961605585
3,523,1,0.054794520547945195
3,524,0,0.00890985324947589
3,525,0,0.0575221238938053
3,526,0,0.0097442143727162
3,527,0,0.04149377593360996
3,528,0,0.0091324200913242
3,529,0,0.046511627906976744
3,530,0,0.004179728317659352
3,531,0,0.021052631578947368
3,532,0,0.0026542800265428003
3,533,0,0.0
3,534,0,0.0029956936903201645
3,535,1,0.013544018058690743
3,536,0,0.015655577299412915
3,537,0,0.03389830508474576
3,538,0,0.0017176228100309172
3,539,1,0.015957446808510637
3,540,0,0.0026324448831852587
3,541,0,0.028503562945368172
3,542,0,0.0024539877300613494
3,543,0,0.0
3,544,0,0.010178117048346055
3,545,0,0.04
3,546,0,0.008267090620031796
3,547,1,0.058823529411764705
3,548,1,0.009523809523809523
3,549,0,0.02181818181818182
3,550,0,0.01148482362592289
3,551,0,0.11538461538461538
3,552,0,0.003942828979793002
3,553,0,0.021582733812949638
3,554,0,0.005470887065259867
3,555,0,0.02464065708418891
3,556,0,0.004106776180698152
3,557,0,0.02967359050445104
3,558,0,0.004441976679622432
3,559,1,0.04255319148936171
3,560,0,0.007469654528478058
3,561,0,0.03636363636363636
3,562,1,0.004464285714285715
3,563,0,0.017804154302670627
3,564,0,0.01797752808988764
3,565,0,0.024096385542168676
3,566,0,0.0024691358024691358
3,567,1,0.01483679525222552
3,568,0,0.010443864229765013
3,569,0,0.051612903225806445
3,570,0,0.0048
3,571,0,0.016460905349794237
3,572,0,0.00291970802919708
3,573,0,0.01818181818181818
3,574,0,0.003038359285985568
3,575,1,0.017412935323383085
3,576,0,0.004092769440654844
3,577,0,0.0
3,578,0,0.0017349815658208628
3,579,0,0.013986013986013986
3,580,0,0.0037950664136622396
3,581,0,0.0410958904109589
3,582,0,0.002983961208504289
3,583,1,0.013856812933025403
3,584,1,0.005576856047403277
3,585,0,0.0056022408963585435
3,586,1,0.0075187969924812035
3,587,0,0.0
3,588,0,0.0064350064350064354
3,589,0,0.043795620437956206
3,590,0,0.0022614201718679327
3,591,0,0.013856812933025403
3,592,0,0.00481637567730283
3,593,0,0.03571428571428571
3,594,1,0.007352941176470589
3,595,0,0.009090909090909092
3,596,0,0.0035714285714285718
3,597,1,0.06598984771573603
3,598,0,0.0018006662465112093
3,599,0,0.008948545861297539
3,600,0,0.0006950719399457844
3,601,0,0.006818956699624957
3,602,0,0.0007415647015202077
3,603,0,0.006916996047430829
3,604,0,0.0017714791851195747
3,605,0,0.005777961205117623
3,606,0,0.000669848446788914
3,607,1,0.006718924972004479
3,608,0,0.000951022349025202
3,609,0,0.0
3,610,0,0.000744393784311901
3,611,0,0.007067137809187279
3,612,0,0.002732919254658385
3,613,0,0.008455034588777863
3,614,0,0.0006572893387669252
3,615,0,0.007168458781362008
3,616,0,0.0006155266599984613
3,617,0,0.007557864903164856
3,618,0,0.00155444075461033
3,619,0,0.006326889279437611
3,620,0,0.001247141966327167
3,621,0,0.01785714285714286
3,622,0,0.0023647650014779783
3,623,0,0.031180400890868598
3,624,0,0.0007840062720501764
3,625,0,0.024456521739130436
3,626,0,0.0024485092899323058
3,627,0,0.0156385751520417
3,628,0,0.0011029918654349925
3,629,0,0.021937842778793418
3,630,0,0.002039255671679837
3,631,0,0.00949367088607595
3,632,0,0.0011441647597254007
3,633,0,0.012987012987012988
