doc_id,identity_sha256
0,f95f23bccd13a86c3cc10b0a46a740ac48852b4803a42c1c66f67902a8b3e9da
1,a70d5e74c7aa955e35a89a1967af2a8816584487dd5aa129a6a62647340c7910
2,37cdf27d68cb00cdf02b17c7f1d73d0e73d37e21dbe529563c52282528e7d29c
3,6a07c2325132851162e63b60dcd6bdb103545f26ffc6df16ce1ec94224fd254d
4,3bab8e5e5c99dcd515d134310e32e8ea4b58f695b560cb5bf3b0db46e117e450
5,3d9d019592b48c106890f4b243925121c05cda94eca4b78aba0a5fb510f02d45
6,1abe2661a791afc8f6484b6e8dcc8a3d7f4f7bc0ef974881dba8fc57668c23c1
7,17a0f4c274ce7e12d4e25aa9c933172576ef12b415fbd5497ec4c9d6cc6635da
8,7adf89f0d02d68cb97a9bf00656b88d95719d865b2819e15977b035a98cf7f06
9,943e4a9a7b830d1d9903851473222e45575123f168ba8e6ad4153a604588a75d
10,b496501c300f00eb5d5e9556de01a9c43cc3a4027af4f6af881e4384cdea4b3a
11,ad9a71f1113ee0aa07ccfb7b457f36f95f3da76e0b70f432ec15e23a1c1efb15
12,d12a80a9c906ebe388dd81131a318b90a41c41aec27055ddb4cb11aa29207c49
13,5484b33723d31d0c667533d8cb8e7923ed2ec90b293d1eee08145e8050c4d9f5
14,c877364889694f82d365aa8fbfc921231677211e6e59a976e4aae243853fbbd6
15,728e89e09d1e6f0d3d4caef40061e9d0e110fb7e67b100009f3c3a629a575290
16,4eaff1e80bfb7ceff8101dc7a119c39997ed8affbd178d46ed5ab7db79607649
17,00fe82f8cf0eda829ccc1a11bc48f1fac254f436e8e367819334064953d46b81
18,abc73573355051724258979e6c62b96f0811b6c1265bcd45fd588e6a2738b6d0
19,99d2e603d9bcc6587a776cda6803e5a3d743c0750a01a12072d1b4086fe75394
20,e844ab2d892a904e419020b5136d7107dd4bc1057d2f9c3b41442c1f65fb822f
21,f7c47815946990d7418a24b9ac2beaf4b1c108a9e661c11b924933ed0aee753a
22,af78e00a9035ae74e1774a79a3bb92116b0c70e05747c47d4db46131421be17d
23,170943132c7e2c465ef6bfbec505574747236babb039ea13a8e939abf9fe213b
24,c2d859083d0625e16fbecb862cc0413643bee30eb72bd6802bd8fd7210d1be99
25,154eea6e11e7479f26733f27ddbb0f7e716ac64c29625b95d17c081c6c28de3d
26,2975e93d91e2ebebfa1767514d6960929960f02b8b6f2dcad36dd93ce227fa52
27,b21fd629b81b40af3e24fcfe5013ab2d0eecc1d87ec47ed1bdb4cca15817cf08
28,6d5edd1dc6c16c1df38f0dec70099ee5fb3864368215eca2e1c37373e4b63c80
29,ac8871ddf4e6fa4dcbee40880f0a0b0784ca242a99be48f6dba36784a713c80e
30,8a9637f89d9d67e65d0cb51db40aaf8d09cfd3f77d6e34f34a53ac0278a3606b
31,603a03982b439ecb8b4c0c0979d26d5bb1286de73c013cd4ddbe399321fd33e9
32,2ca1cb168e434a57adfed6db840f8cdf1ac08ad816f9d92f1ce8959360747956
33,6013b169ae252063316e333dda97a979600b2f8e86d5cb7aa7c5f23a51df0e56
34,7f8c2d1bbc766811b7bb6c5363a0ad8d96838d5115528573a8f3d1790af86c44
35,f4abb8643c913479d0f64f0f3d8b91ea3bbb8e579bb0328bd38aac32e3ae18dc
36,68db51bf51a43e48919c6125f6ce2f317103f2f28d69c455e982a6ced34df248
37,191ea339587ed420e45bf74fbd23aa1108b2c1e31182e12d44d286df3b0b22f1
38,e2bbcb2347df79e1e6cce8f4183b88f1eded8d01d792daffe8f069559ab13e2f
39,e68aec6c020b020d6355948f6e87550311942d641beb5584456405cd7763f197
40,653401c89770d7f0776072e9d9e42f0aaeb95e2b6100cdfc94e0bdf4aa1f9b23
41,b37dba260bd3ef01d87a98a8e5d94b1d02957b403d13e2663f1c6903dc8924a5
42,e40a2a9da16e41b30df74d351835a26c0daa7a003a6d9f00d406192713ad5c54
43,1550bb4b36a502886aa1d0a3e163102318d643f91996836456b723ef7b722f2f
44,40025bc66df3ffcd1b11a0ec346c6a1dcb04a9317a4fe9fbe42998062325210d
45,9f465ab613abf6eacef9e9b2c1f7c4404c713a30ba1f07aa2cfa1e7b4f7aa20b
46,8fd5336c7b8d6f68f1582adab22c2b166b96945fa668d869fe4bdd0261aadb6b
47,a5cea240e802a3f6027f31d37aa0a077cc78011b00e1ae50b97ac08300918afc
48,ef4e13c86c1ca464d025326e2093e842d8b4e0d00cabc915cf028a723ac98d53
49,c5b711bcfe82d4245398facde88bec863622a03a8c30c2b50d0f6cea29c9d002
50,0435b4b638536a3280feb0182e116a3f129820947bdcdad2cb40a77ad111bfd4
51,1c8b8d92b7edf1e46ff2bd42bf43368599d9998eced973764a8fe88bb97f5c09
52,a9b80ccf1bcfc9bec14be9ba390d24fd84d100b71351bb3a42528d38ea44a0c3
53,3afe3e8e169149fa4ac8984afa17d427929c6d2277461c125c61b1933c240059
54,db52692dee1a16e9ff07118964f7c595dcd5deceff8efb8b06b9eaf246f45cb6
55,fe11272872411a28729abc1aa33b7730fd05bd6df46bf4af968ac56e0e752915
56,497ce5e1592bf3318d7af8eb7331e17a09dd41771d3da63b5e8d260722cb2ba8
57,0bbd07b5824c5a93c68deea54f04e3f02de06c6a9741d76a132361728c6af5cd
58,4ccdeb8a6b2b7036505de8d731de73fa61c7e32b8745ef9e08d833b525593994
59,09560edf38cc94821a92224afdb68a9a88ce05c5f084a477c7a97b7c9109bd80
60,6eb4974438991a84bf8d6d8959b7a470a58b7443c5b7a8fa4e0581576b7c7466
61,a5990a37e47adedd48a5452d95defb03e1dafd386b91ad6a3374ae3db5634958
62,4841bf51b5aa58aa125f66daa066607654916a371c1909e64ffb238a68a4372c
63,63dc28b28fe597f47fc32a7d31d204aed4da7f7a47b0fcd885bc5e1ebcacf2e9
64,f0f5d9e7e05109eaca6b1f43d44ab13c03326daf0147f27f653cacf16e6bb500
65,ff0e79cd345ef058a12bf9d40b4b5fb95c28da72f68d316ddd0519e5c2aaffb0
66,5e2c8edaf2faccfa1478dd3ab3bbbdf1728bcae2a8ba11335f67991040cae661
67,09e3ac0fab0f13ab4edad610b3fe63af2fd80c2e526ec97cc1529ed922b742f1
68,2fe8eb82c23296e1fb4bbad55c6ef59faf2c86ead5425898287367fb0795413f
69,d675ecff4f5830e46804fd55d8593b413538fe80b9641fc5dfd920a6d7be0b6e
70,ceaa68aa59ff32c0dfd4b63a3492e0f4469971d76ba9aff0765c1b10c37f21e2
71,81ecd1450eb52ee8a4d6247e40b37610ec1a3d5eb6e03fb61a4db3b4067fae9e
72,7119e05fd1ec645fab0bb04e59400f066bd20ca6843761a13f63aae258ce744d
73,c3ed8a2682e33c1ae299e6b8c8b5be05e5451e7ae83effad9d5e570ebd5cc068
74,5292257a52ecfa9eda9b056b33dafaf2dd0fcc9d11534a16cd0a08f325d3b55e
75,c098a25b51ef57dbeac9c905100cc38dd7e0be8215f257c61b92977760722641
76,33e1063017abbce67ef5c575fb2558ae9b4fcf07cfeaab00d63297e875d28cbf
77,aa7db9f41616bb133839e3d454401b257a30231d8a9b8a791aee4aa15c893c8d
78,db2119b163e25f556cd92296b0cba6079aa552a11246bf783515408f194c2484
79,4462830d79b5cb33a67a359c9dee1d9b0c3bfa362df4f5200018b5849d6317cd
80,1dfdf11f6419d3e61b1540e73be0d46b062bea98a0665445fe20e9d13d37cd47
81,ae1e5e931f6261a3128e7664402a439d8d6e0e375d3f5b81f9ac34c225326f39
82,f9a48e23a4f22eb4b5742166a86cb2e05072b2873cb142ce566285df250c335b
83,7697c7d498d691353057f3ab6a36a0c7a7469637cb17fb7de29307cca6fb1ab4
84,27df5c889a69108777cd9a21c1d57505405662b8f5d73efd0d4d8c2d9971415c
85,e83d0853976f0949927d1d6ad07bf21a7b684973b8a69f9d24790e21b42e65fc
86,f3683d1a3d230ede7b1faa836ed960c07ab827421db255611383c188135233b4
87,d83c907ea34d3222e3076aaba56caaad3b378dd788a32c996fdc537f7840ca93
88,0f277891049c0b14ac69ac1dd48da82d5b63b19857c7ddd3018151942511deb6
89,130ab8a65102b0c1098ad363d1eeb8f3caee2a832e104152de643c630ed62cac
90,d1f70d62b40eb0c9987c9ddc19203eb9460899cad88892c9579dcd4f332d8c8e
91,224ee09b4d31dc23a3f6a7bdaf3f3404675d2c3e5ffa157a5b54fe9ec3511ba3
92,5554a9684c3842ddbeb90033a5041acbc1c3c815e23f27a1c3f49e5b1021a179
93,93bd8cb7f81ff8e379f7080e90ec2b36b1f96d95b4978a8d9ad2aeba01714dd8
94,d4303fed9d1139aa61d84206de4ef9fc8cf92c66e6b9f83d2cc0dfd27ad53720
95,f86da2f271b922598274be7347f422c21b0c1ca0367de365cc81d8a41b92e974
96,d6ca11878bfa649b884b65c53f3d85a0843ecfcfbaa6928bb087c9f45bf1e315
97,5414abd78163714d0088f366b756d349c067ab4ad650fb8960f6de0f450c1da9
98,d57d927ed9e39d07f70fbe3f57f1fcb270dde42ded1ed67ba33b43bfbaf62515
99,d7f19af334139d077ea6dd0675c0cebc2bf0e71d83808530855afbd2002dc694
100,75cbd96f4b0abf02f1258240a7bb2d3d30c91160f1855e14e583bd00b5e44212
101,55f187f887819d535cb4725d76fd362b23ef929878a7f918bda71fb1ed08dc4e
102,800ab4be17486c48a165c0fdbbc50d01957c606c450ab787112ce91de87b54b2
103,781db159a22b7ee876e6d70dff6d3effd06a351486704ce7ca4bb5128c23be2e
104,1c1f7b557a9f1284d2aebd141f532ef6b3e2966f9da4c7c87f998d28ee532b58
105,5d4f11b44ffd170952844926f61087ee43f439849c9e3599a8c9207c0d6afe04
106,3fd5bb63ffa48a9fbfa124ebd2b2dc3200c39635011327e97b5f73f937bc6a5c
107,63941be43a2ecfce4e35c6f9391e1864abdcf5d14cd67156df978b082b496815
108,10d5b3609456303c8cd23292288149415f905ba96d1d955dd7cbd24f89fd4ede
109,8442d1853623dfb350a9ff83ae40a159628dba680a3f81b291026d2d403909de
110,d362820de6dc7c037826f0d56b68147e9840209ec5d4d4f34402dd73b791ec4f
111,941ac6170a7a6c668a57f728c0d1377443bcf6c1915053b38e824135b25b075e
112,425a63d89e76ae5289a62078dea5179dbf8e2bc802ebfe2a5038b0a3c83f3a6b
113,8b5ba90842f01e9dde6cc4524e6aa0877c5d72ff40cec97eb26c320813310c8b
114,fece28cfde1c2e83dd21ae020bc75fc2cf18d585869f208538e7fe84c1a8517f
115,b7e559a51895429aed32aec247dd5ce1fb0fc4d05d44ed5b393f33dfcbbff8a4
116,fd697b9f405c43af610463fce20669216ba6c41871046b20fc24c4d78bd9fa7c
117,286bb01a11757c0c4771cc2c9e0c5e648e0e87802c83a00a9570d46eb1af6cc0
118,bc0e2415a50f2056fb626bd09151cbaf6889b8836defb5f35ef847b259036dab
119,6e9d3307f08f14b1fa2cb2575f67489cebbe8dc458d0c6d9426f64ff69b04247
120,bda94b9b2d96a206757b29875a6c7c74b6cb366293339c3bc8107b9a988a362d
121,b7113d5326c15b7a944dbf6439f0398447eaf833b8373a19fde4ff6af5e4b745
122,0776d18a799ef8005c3eb0e2b7f80bd288c9b677c11a0a7b663658cdeac9c76d
123,06134675d183cdee7e881194c09584c00a341a328e93ef14d56fd1269ad50ae5
124,a0184f44bc74cdc6e5c4fa81ad5005379c0fc1611069d887c10326b80f183da2
125,ee02f510fdb4c1876479827c906f79e7e8a56fd15b539f4575c405bfe109182c
126,63512bd92f60b2437623d83d7c3ea9f659b623b109f96ace62e8e508f3ec2b68
127,4acbe523023d1d85dc290f24926a1d0e5bfa3638f9965ab7983519cc40518bfb
128,3278aef85531924cb26466355e593f5ad5d3b1c45bcdb8f762032f8d14ff89bb
129,5715d9b545f3a032b3f209712e6b675515471c03db1c8725b26a7b601176ed7c
130,4de02bea544175f20c049748785d605175688bf878684f8d71f41525a3e5ec38
131,5e88c450a6a26a14821151eda3ff216e771429fed4103e78204e85300cd0a324
132,f1a9b364194924a7aa35921d56e519529eb0f715f99bad9e14cdf729a8520bd8
133,d146e94694184e990e6a7d28d7f249d577faaed6bad941818ce6a50940b01b8f
134,3d7fd416766b9c8774ef2832ea7c88b55c8f8bf257735655d8479e71a03dfdbe
135,c201d2405b32e2bdaa62e5f9ae6f8128f6485f72e2aeab01dccc47892a4856d5
136,a23bbd8a7d98e1e84fa2c2c0573a05f540dece2def5436afaac7c3e7a2aa0b25
137,11d22e928e99fa6dc0e803ebd15a746fb5b56ce8879e1b9c5ff45dfd1a00f3ac
138,c019d5ec8013d3c233ed6ca490769d1c1d0a943ced14f92f478704fc8cc9c6fd
139,2717421dd96b535bd54e438826e3ffc412a7e8ab9357b33679a18fa895c7e9ae
140,2d23493c982eca399b1623f4a9068fd365a50b3b2e0985b471f15affc0c6a922
141,7dc0e35ffaca5b03c7f57528c980e7e8c3c09c2b26ce26d2c8003ab8f2866baf
142,d09b3306d21b6c9d294514c22a236d288c56c08d590c46054860ac5c5c33403f
143,23271d3dc869da5df2511b2ef847899216a384e8d7e2396532f4780b1cc0a635
144,e70791d3b9948022c6243ba2d1e6c622b5f5f1b04b929ce93ce52aa527275b1c
145,076d7be55d2807ef8cd6700a00d0abcc3703fe8983def8e0e34c83e1e2102699
146,faa86ae101616b0ef2904b5f6ed72ef2fea985ac3158aa63bc083376f511df1b
147,fb8db0f5d63946acf9b6a60a81067613275054c2c0bd86ca5a44143138cf8901
148,3abaca4382d94f23a6baa4d712deadfb2bbb468d9084dfb3e5d7a0ae52851b69
149,0b180c99de8de008ecfa2d63956b13c679f4ce774c2a8366a374a0aae041b93b
150,e61464b1ee7eef1ad8f3095d7b444281f08024b9d7b4b1a4287f9581ab9360aa
151,444d61e4d25f4a4fa5434408f3ffa29c371320445c4b346fb6607fae50f47366
152,c46cae947084f8f4ae04ea364816fb973eff4ecac9ab2057944fe9dafa904ad5
153,b683b45a1ebbdae1ba0c57c94de21e8b50e63d3571f3c40d4ea7eae4f99ac317
154,b03e74262679c42f8432effd4b304e6f08d30a02368aa9633bacb13dd2fffdb3
155,fd3c07c900bc2c84696b2e6fb4957ce22c14dd7bb24888aa8798348ff3b1fab8
156,fc78fb2877865aabd9b0be76d5ff86189cb03ec8e765a022ca15052ed8daec09
157,f5a9962015435676da223c9a9462a9597362c77a5ba30879f4f53f91ef4f9bf7
158,5096b57a899677ac20defb3e98fdb23069b4b94b0f9ccf4dd65fe24eb6c2c897
159,23b41337fae52f55f39469ec9fea6283645cbbc135dc88363ad0fb2847f4380a
160,0686825048903d2ed5a335e4d24f9e1053ad600cca1cb3be8baabfc755de70d3
161,c722c80b618fcd79e0c8b11150f7b446a8446bcc7772dc12829db1d55e34cf6d
162,026248cc7ede9b7293329a70226979c9f84eca6b2bd2b90547d6817fef6ea9f6
163,7fc7a2d3b2b1477edd42e1f858d7f184c2b7142281841cbb3fe4765ad5ad735d
164,6dcf0d6221360bd954fd39d9afb48c6c36b06cc002684f992ff4d39325bde566
165,ae8fd414e3a3727f2638572bc369737a0d9712ff5bb1f1f7d0063704b8b4a145
166,7371319fbe0f97b00f4cd4a6c9f89df7231bdcad13e359646577e84b5e58bd69
167,96a3b3f90599e94555150ccb6bd1425239395c57e451c3e9435e1f69c070aa19
168,218453a5f3425cd1d9e0c7b78b4d31516fa1d0d2e64fc04ea242ef0e64a9b648
169,00c61ebe6a88c8a5ea8a2f902291601ccf70dcb035b82fc805a69d4c038a7a31
170,b7cf7c36f9fab3f7b787cec3dadc694bd7bfbf26d007d3a3c51c854c89a32977
171,a857de875361979293593d1aa442342df162895dcd3e77b30cc4b99fa17b57e4
172,0f2f16230ebb4e3b8e360463b141277a8901edd16ba5ae3feba47c784672fb2d
173,ddbd1b0ee6a1f77fd97b366879de81d5fe43d62125b36a6136936289bd3127e2
174,93a4193c367f0d31f0e6702886c94715440438de8ff8e6c955969751b2254645
175,ae67f7fa0da0230388df65597b40e4a9839024466cf71960e7196018827862aa
176,f6737515768adcae15b1e21dba49d7ed00f4f10a2e693fabbce598a927083ed4
177,988102b93eaae1faeffc9c862c79585db6cba6e102d47bdbcb90a78e7eb70fdc
178,d6095edd1462f6697ea25e8d1386979a1218e053738e404e78eeed0a36be0e00
179,b2e0146cbe659abd45c18d28aefe94098af6a3c657a1e1e315a1bb2373d66165
180,aa6fa9bf632ae9425eb869f7132d0030cf776d25a51203048eda005ff9a286ee
181,3ba098fa0f40d67b450f9e15c7683809fb83b40027f3eae830dd0ec90c77a770
182,7764216f1c7fbb77f59c7b9e25ec4bc0c5817e5850debaea1f9ba1a6f017ffe1
183,84eb23f794814d29b1c20a61d31088ab9612ceffbecaf1cfac7f38aad281af86
184,e4a07c181bb9f2e0f66b202da39989834e94b10159b3ef39b6ca7e2e11e7debd
185,f9d99684e0e457b17628bf12bafddc55b30296d91267526d898b95702bac5f76
186,405217bb62f3dab9289afeffa22bca0caa5fc2cbdaaa84471f00e16113f45000
187,1cbe4453f1c80076a9ab9c9e134ccee794064b844f8dc8001df0ca956ee68a0d
188,318c933926213c09de9997b7c62c8f13d3f7ef56398b3cb8b95ce79591264335
189,c573952744b627f2d3c0cc96c01935c7697ea0f3b240263da69c9f64d852d452
190,171fa030c2d5c9450d2e791faa62d3957eade7d29102a555a0ac51a0e35b936e
191,2422be3481fbdea9cfd4e2a030d11c33a63b8b0116cbe37979b32c8b89fd3d19
192,c9cb2c6e62375e8a809d6532050eb345d385a67c6ddd089c3c04bf6c37ee0a83
193,fc682d981543d5196b8d37dfb5376ee5beb7ed100830950b5f4bd81f5293fa09
194,d3c2619390a2619457e3292346440c624c6e7d5c465a9cd0d42f0c342a4a80d7
195,47535d43cd1108ee06be31d5db9691789609f99dc701464e404e41e75ca2b5b5
196,2311ef140990030208ef01c3e8596da73d026e91059fb8e129babf32e1c2316d
197,35d86714f112904bea47621d9db3b95051dbf8e95492410bf6b3c82fa8f500e0
198,fa946ecaaa8ddf8b1feaa0aacebae865a8a920aa76f2187d6defeb16d0b52032
199,c3b8568327c92fff1b6f27b91dd39183be2db7585369769fed7ce8d3367ccb7b
200,99501ae3b72a11c5e6ea2fb12b9b7c70734740f2ae363ef804b0954369aad7b9
201,47ed3626c1d0607942f6dbb0df25feb86adb1f4aa13579133bd81c7ef622adca
202,7ebdcc4b061100673f2be0f436a980d05f5906a9ac7d1202fd791047428a748b
203,32ca63f376ee848351b76d1ff761ce805a0d03f27815caeb4686df60fc495d52
204,79f831ea9d2782e292f13d895f4655d571f86f0f62559e1116636564d3d30db2
205,56ff43b30026a046bd75611c37cb27095a3e3b04fe9e12dce63c55177794ef83
206,a936fc905abc4def3ece2fdc716b2338d6ca6ba59cf263d03c9baedbef19d07e
207,cc6c830ec4faae38014e0879734abc521096602e27b400882df0b630380290da
208,75934f124937348a87f28829b660204775acc0877aa22bde5e3c8d39a5521055
209,1e57d4b22db96bbde234a4ae6d10e853c6f5aa440dbcb8d267a0efce2224972c
210,bf1309ee94bd333f2c4f4fd18762fc03b895823f651a8cbba735d0ed855416fa
211,68e3ab7e1a40d48f19687968ba298f291c18c1b450d921e80d297a2c326e7f0a
212,f8f1e0d3438f58c0b30f7a72e125a1b739daa5386ee5e22f79daac24c3c27065
213,101f9703a375f709fe281d990b5b4f19ac0da23fd01288f108163bbed0e948bd
214,ce71e67ddb326042e0d1dd932559d12409db50edb542951774083abc40e562c1
215,f8457e10fc480ea4eb76bdf0077de5f75c1d2695223f109a926928c84960da4b
216,11e2f42caca6ed1443fedb655b0b3ecefab54f7e3f0734e5306b26a2992be31b
217,4e490b79f8cfb01ed9d4acebbf6ab2d8a57133c180744b8853b090c3c2d5e4f9
218,7207cd18306bb801d8578acce7c09f59b4a4a471222c401f0b6726ee347c4bd4
219,3e0714d86a65eb4a429c953a268af3f29569dbf24fda6f88c12c40d985b19775
220,25a1d0e725b75134d9b54646cd2707fb320d7596de4218ef814321002dae8675
221,414e99a25667827e9d26c9753eb450a14d878847743bc7c29a7033dc4cc66247
222,b611a157f5e5f36b65915efd4373ca6ca1e212335f0a6f0e37632af8f898cb52
223,befecb51eeb4615c8e4d586ed6e99c23751ecfb27287e958ce6834c794e01b81
224,a3c6d9030cf2a9a72009047bd748ec54633506293d24c4ff18695ec05b68f4d4
225,b89c7bf94b2b90dd19d1eed948f148ee88d929a2fa52a8c8b5338b4699341776
226,1ae649641485625ab2d908e26385f2344cf0363bf59fc502e9dec6a766c2e21c
227,761862efb79d5766f501566453048a106fd4ccd3d3e403ec519aa56edeeb7e0a
228,fa1441275a10f13a9bc132eacf17c69369fa38826ab7198740269c68cb66a1a4
229,986afe1b0e2486dca81c917dde38079e0525a36f7df99761348dad79c28b9358
230,e1a55fb75429e5f780dff7d4eb1910992c868bda8d15fde0682ddc8c508b34b2
231,39b99af04ebe810b1cae9d2ba7437c931bb64ee05985cc624bbeeaf921f35892
232,83187896c5057f89b42c37dd2937b65f5bf5603525822aed79a1fae43a41933c
233,f8a850eede0f5be1911a485b7ab7a2e414454220dfee2fe0236a28a211eeced5
234,aaf3cb2af0bfcb120296b45b87690442d5d2872a552c9269b6d753731839422f
235,aea89ce7e4c3d094fb70c3c5e092c058e71067fadbe3403c413a853fb88751e9
236,a43899106a36ead36d9f6517140e3a3e65315ae38a6c4b279b0fc38a71dc3d24
237,b505c0f4250e9e6f64b71281bacef4b3f850ae893b622ed76b4749604dcdc652
238,b1c95a63eaeca2a9c8032353a48a3b844ae72820fbdcad65d8b716d414a3d829
239,68a110e6157c84a71a0288724264ec5d50a63667ba623abda159393315e6b595
240,5ff34c9cb7fc1c8d782147b884c4ca236b22470dd5479147919e4e7b7bf8cc08
241,5a1f5911e8988549b9e4296acc6365cfe86cff2c50ad71551aa393e38d91ea8e
242,8654f8d3d8a4516c5944ee97107be04253336ed1aefe47b93c7bf30efeda87fc
243,607b51eb6a675d9e1a036737afd950abbe5aa816592e4e49df1a5b56177b1d9e
244,68c62a398a029a55f493f0c61f7d7444aba0103b265da9039753f7163116b443
245,87ca0353246cbc34e5cc6d4c1582e152eb8fdf77636d90165499c9e65295bbd8
246,fe7d3c5da667b84cd8f3c7fb0012e979994f8876515d9127cef1c95bebefff38
247,82ee2f9d76ffc2bfb25e10e2d1cecf5ab4872c677f110f4199d7910c39435fa7
248,5eabb8f29ae4c89c236761ed433cf5de21a0882bc0341a0c9b55ea961f121955
249,382666f68399fbcab01c7ce2bfc28a303762ce6684dfba93f3b16ade66588eb8
250,0eef491728b301d099f3c59168edb63a76cf6ee2368dca10a7d96a9f90785bfd
251,1fd17b845259e74623ab5b3cf6ba5423cc904afa98849347ead0e10ac6d66cc6
252,b5a662a1138f70a3c1f8984331b87097da97bf3b99f92ee7a37d63b98fc2de70
253,7eb6d12a4d26ca159c1ae4c3b59505f31e4e5e0741c746a4882848ce535bfb76
254,384cd7021e5fed7506815c9cf4d9a33435e96260229c09b27cfb04ff61e05c92
255,bb564103a049e5c6add9e015300679f51b72448fb411426b2491f20774653814
256,1fa83e25eedfce09ab90b93b33ffcf611f923f3070544ec652ff2fd03dfbb8fa
257,6ec0091e33ab60d3174b821255a8953880e1f8dd8339731e0dbb46949ff25993
258,85573e0ea36bb2aa68ed48d14b1684b721c0fb5a175f5175d8fd2bbd9f8a9e0d
259,dd1cd6644475f08da2fb8e8f7e6725fb0f0a8f59bec99588655d8e3d87900f93
260,3502259ee7343fb514647d3577657fa6334b8b88754eb5b1f5bd3fed178c031b
261,251241e0f656b74ae16ecc14b652687958077edabb1db637c02c8481ea182a07
262,1a1fc93e70f927b6eb3c98cb79b2dcc548d6f4bbd6032287d228c44436a8f864
263,7639d6842797f5a9ff7b5e23a105f3cb17bc27b32dd8b82545e1c562fe0e162b
264,49569cce1199ff684c370235b6919f20638da7e0682e23622266e319f5729d5b
265,b6a9b73b24e04c1a95a970cb03a4e042c1e426db2fd1a5011e4a90e0a6a5d99b
266,1ccc52206e069e3ecf687d7d1f393705cbf2b754e1438c36fe4643f8146b6022
267,36375cb3800d7ce74bc308dd0f6a14ea4760638faa244330d2eefcf0a96530c1
268,de697d806945fa5762ec0fa770ac28c68bdc560a0b149552d9e51a85e6b28f54
269,6b7a6a2474b463e6ee3c766a01391d7f34250b8e931322c50563351c09bee250
270,960bfcb924cfa5af8022eceabcc6847a615cccfbf0bcbf1ae5077bdfc2a78118
271,1a26e916a8d473973523504e93e28e3be14ce40ebad14c2843d18fdbfa2182bc
272,a37462b30d5c4e6b17cc44573f57f89d0a9a66293eb93b560d79db80587f2afc
273,f7b893242422e26cca39750c5ab134657e85a3b4882c03c0de863ba1336e09da
274,d7dab37ade1c1fadcafd5707282cb7dc2dc69ff06027900bed50daa2b7592215
275,3e18a396b8a3652a906a6e492400e46955f8a1a23015e8eeac22310340444176
276,b6efbcfbf77000d380a67ba78bfca9645e7495938c63438fd99af13ac3410a23
277,400c259cb06a9f212b80d3bde4753424ded93a92e376822dccfa8c651345b132
278,42ad82713489c4b26f78b594d11aef640b153facdbc3482561ab0ac40f58e8cf
279,658d8712747e5052b73e75bb242c0ad7bb18f1c8775128a7c36798bdc9a07c79
280,bdf069b6f598faed3dae552aea56b629ffe701eaabcbc1111d868a7e2e042c13
281,f0e4e5d6757ea245cd37f737024b09cd9210c164cd194ffac8501a3d42f8fe06
282,101a56d991c403f12dd85712cc634ce740b30ef1c56866c1c6efa239ac4fe061
283,39b8d218ce1010b6866dd002d2ce5426ddd02541e37c9a747a503587c116e069
284,d0738e5aeb729ca51f0c1674282a4440353fa5a0355762beac4ae0bf19b6b888
285,8144c35f03384096db39cb280ccd99014c9354c198516f75a3d03e18c209cf36
286,e7df62ad964b47dc647cf2e91aa4a6545f2e9e323beaa6afd4adcdc8d65bc337
287,c51b04bf8cbd4ce01b4725b818b074f0a9b21784de020d7119eb230bd6c341b5
288,a3233ef90816f1a1b28f92ece23b92d39a474eac8597899e312360af7bbbf738
289,1acce200167cd4a6db9a359f40919cb2f143adfaf38f0a9fe2786ff03a273c92
290,c499db68692f4e30cdf35dfa4eb80d15eb70d340bae46742052ef25d7089df76
291,4c509d6a35e70863cc74c72844d72712b3ae92cddf3815d2e8e2fcc4f04acc9a
292,0f969bdf165e7ced7aa276ff2a124464764bd76a4562968fa37892372cf36606
293,b90352302254b14a2a137d2dbe2c71ba8420a078d56893a33d4963960f4964ab
294,3761bb81b88800411a4ff27f6993e95a5080c561bec358f045212495115c0b62
295,0b786a07fe6c61a2e7a0900b1a8bf7653b04793e04cf18b26dd5ef7e1a80d208
296,e140576ef15da8bf116583787206f74c3334b676cadda871f561f14492c76c56
297,0d7dfd242b257eae9b988ab6ab47d29db40e74f8b353b76a6aa88625b5559434
298,dd825ac1469433e868e650ab3a21df68821692c57f6b5eb6b5f6e956c67152fc
299,beb0f173da8378650819ef7856b3b7fdb42e7bb129782fa1ad84c75b80b34130
300,21fc3d5f72ee5e8b261021745b9a631f6d6169b8270e7b7ea2a0df6af8aad889
301,74a0cabf7a65312171896a27f1401ef7d3af4a84dd66821b1bc30719be717187
302,11d49f649ae13ee99b42c54b7c794b6ec90eb39869df3c6ef13921488f5d61e6
303,8a9408d2e0061e325657b62a521d89060db7a4964bdcaca6ebbdbff7f89915c0
304,027b61c3e97061b854eb0c3674f2c27dd5bc4dfa905a6ad464a7a872f1a21c30
305,2650ef46cb4fa36100dcf774b01266398021ab40238179154b89106172344538
306,697aeda6323e70f52def36aff1c98a561009077dd5b57bc0d658ddc8b441b5e0
307,3a47d906679803ac5027830215ffd880e4b8242608456915884ae5e090bacfd2
308,a8328b9a339f2c22aab3cee19638623ba8d11c10d2384c9b16419d859e7bc13f
309,24186c8e0a2dc478fd2b881044c4a6f340278a187070a610d926f4d00b3ea9c0
310,224f0bd6b43777697d39e5e443e9a722877c4554d01660dbcd33c348e183e13d
311,e93fdb63beb15dc325589fa4ef5d8e2bbdbc42616a0daf1eb805b987898311df
312,1f32ac40a022f370cc3ea474bc8e9e2debdbb9acb43ee2a3b27e80a75795e19b
313,f3140c09b6649c2d472fc51ed546a5efc110da22cbbaad4e6894abd1bb40669d
314,50d5bbe0956f13ad3c1efc1a3e68efafc1c1481e965db8a8d6fd9ac92bbeded8
315,6d063e7ca7c1e32932b9deb4c02e0daeee483681f355eee13a8237d1e6fe7083
316,718dea78a70a949546f2988aff4c32608885c5bd62b88fbc4fa1c41403105ff6
317,05c0e0545e6582f3b6abe4e4c185f3188595ea3ed9c2772a861b35dbded48e4a
318,9b798e383fa61d6c9d6cf4051d0a0e5c3c83f2d5784df15f8cccef7657ef580f
319,34a7570cc117069f9f6faf0ec70a62f7f326b90fbccc6e2060aa1b4ee2bf9f5c
320,27b4cdb1626ea7b4be150b5946d21fb37040b9459e4d9683f2001144e74c8807
321,5642e7a02a8a975aad3902a012da8e2cf8b9f9be8f1b2751a1b25bd067fd07b7
322,5b3580140cc5c8981318a56761410dccc608d0811e6ae0eda7358d4c92da455a
323,f2a8f0cfd9993e4d31b31c62c5282fd4869f18bafe4f1e75e2eee6ed7379e1f6
324,35b749da8420cc7f1694c0b9b4a79056883da91089c7fa37c52f6da97b897565
325,6ec13952a3fd74dd679814a681bc55656270faebc628622235367af6f42ed940
326,04778aea5575fb21154fcb4371508c361073a30743ef8cc56c2831ca35018722
327,2746f5e46caf48b6d15cb1c7e0c56fa45e021d0d221cb3624b616acba0f6affc
328,68a92731b446311cbc7ceecac69d246ecf95f958416700c3808dc0f7ab424ff2
329,1ed81f7276111f1dcdde9bf33855de9961ce23c6257936fcde2b9efd510d7391
330,7d6cd00ee9c1fe51cce155ce0e0d1e2191986a8d712ba5423915c109a4bd6ee3
331,eaee69d968aef8f1800740261241efcf614b759bd4ea0550f6954331a9164c87
332,dcb97d3b6eb591a54de14b6bb80c750d472287ad12e5a2ed6f5d2787556c6da2
333,767bfedfe878d1cdb754fd3ff2a5378660770df18b634237129588877f1927f1
334,0d1a78ac5fe4c27a21554d5c900054f525084df123c7074901141a1addf0437e
335,db971057b38cf0f0a46e1fbeae3c051a4a4b67620c09fcedf42898244975d9c8
336,7cf0edf9f74988f8a2041e570ab94c955db9b49798caf07b763c5c16f85bf0f2
337,4e3f2db456e31eab71c23ee2b130f8999c69efa79fc72cb6baee3a0d406f5329
338,625f86240a1dd5fcbfc26561fe6ea748bf1b41c0bb7d1ec44dcb58c12249875b
339,d550f1b168d0eda3a0e9bbf5e2a2c151455c2845801b1d2e3e1d95ccd256c156
340,33217168916a5df4df37db6c4a2cdbac3b8af47739a0560a2da427c633082565
341,ec8e3ea17891a8e82aeb7aca60f8af6e776fa4f5d1e8862b458145b924712356
342,02c86e82f837f2f7867ba808fca20d9a9a9293ee60ec52de470d853e4af47866
343,30f7dd10255b9e7935380fcfabe6c706476a6c9f333a81cb10ee2f7bdc8bffd6
344,31724fdc24bd4b9d45534749a6450d36e8754125880d3eee9694e603e1c3198e
345,3841aad3ef51513264172543e097a4ca647b052d14735e2d6e9691e78dbbbf08
346,b4db7feed614a8dadc4426810eef717aa91d81460f85555f7470f84f9090adfd
347,60f38b55ec2c66474644bac758a177626bd9d800529dd6a67d504fc098f9499b
348,b0db5fd07a70039f3d219bc046c86fccca5b092d54df5f2f58cd68df310394b0
349,cfe5f912b67fb1f58ea4bd83aa447d883e7b30fa0a16f07f208075f0eb2c8294
350,c51f4631dd81d993055d93434d618c7dd417bd622185b72f73600969edcb4cd5
351,0f4da5f180cb848dfc0fa28ec2c7b3dc75549b0a1615fc55de0649cc50fc9093
352,fc50f452b74c5fb30945102c9740c2418a311077ea9167f34bca442d5ef2fd52
353,52f95411751b40248ad4dd0fc76390a297710187f69efee9f61cdc179c7bb354
354,03f81cd8b4d16543a04fc56079cbbc11346971f9605d362f5a8521c9d3b71128
355,d8afedf757485168f162da73f4f08484729228fb759b9438b95c40d11227d87d
356,872dc80de0d6a60e567dd9628e8d9e03de011ab5e26c1f37d858a9153dad1f1d
357,236550f976af6f32bde9f66855e1e1a6db45e01102764a666094fe6c7bee44b3
358,32b02b4029da1d329a691da5999a5a7713df39fd8b75857304ebde2dfa1b843f
359,472e62ced1f6312b41fdd75d124a0182c1e526671821e0afd774fbd44c1e6413
360,0cefc6f3697be78725a4e35038c17c4a1d7da923389fe1fb049476e517cd879d
361,3369a9bdaac77feb8120faf25be73eed88d3cfa48d601229a2b417a344f0ed3c
362,10e724f4b962478702459a79e175017e77713c94c2e7c4bbe328bf4cb8f82091
363,311893fe87109efd7b66703206675210849a04f80fae0c41a50bb10c2430a32d
364,e54af1eef09ef968f283b7f24cf95a0d3808755904ddc2c5c712b7bdfcbf2e76
365,b17ef7ba815ff9a1b5d26fcfeabb45c48145f59589da6bb224e2683095fb406c
366,b997c4b5adcbaa15fa09fca1ba1d40327e6219f87791337f817ace5dceeecf12
367,266e5ef65a00ffd829d2c42f2327fdb8faa54e97a47bf2e61161b224c4407e01
368,d7a27717dca07bc3351eee962e3ea14a07510af97fc2cfa4fb0f3384e31b3b1f
369,031610e4423cbe6623e77d850d27adb638d4bdd8886066fdc73b838b913715ac
370,85f2c1c1e0074ae03cf9de61f09eefee1e65fe15fe0cbb63075a4fb217ed9150
371,b58efda45133ffd795be522b3dd9eb8f188868b95606472c7c1622412d06c88d
372,68cc6715a6af5930f143ca84fe08ad8883778060b12108bd386222f9c1d3de18
373,54a76f9f584b0aebb28600bff9dd360d90a4ac97aaa64b003260db37ca17caee
374,5ecc9bf4d1aa2a417727109867870284406734bce19172a1f4646605a15c8c24
375,81df656084e18fb85b69193baa574a3f95824e37a43abc002158cadf2dce2ad9
376,81e6cdaceb15e0a17bf568ab987dabc0fc14c297fcc0725c0cd1baf2e0097c5e
377,e7c2fa3cda87a04c61e8a3a05a15aba593f130350df7815dfd0b8d5e0a56e680
378,2dabb80854fee1aa1ccff50ea59e21e7d6e12150715ef86ae4f1fe8b5749efd0
379,3fc66cb1fe259646bb4220bc873015062138c7a40ed47647c174f4a89c6df02e
380,6f4625c7d4c137efe4ff4d9fe19e7e1f80acd08fe13d7237f20faf2b199f503d
381,18bdf621d20f4afcc11282ddb043bba1abda39308435e0edebad4f40d4eeca3d
382,a618372e7289421394f53df01288ac3fa823d74e1c31eb4391767ea1d1685cb6
383,c803fb99700510a9107f9845415f7761d00834c8f4e162296726b4cc785d600b
384,92d90e5deaf7a01178c8424d193dff4d522ebf4611ed2ad86770178b6e2022ae
385,ff577979b4dc00d629efa2804f8400f59bd8f5efbff8a8495218f0a20129a1f9
386,9cc9e661cdcfdd22a36db783b0fc899a6fee68f3f92627d634732599bd9ce2ad
387,a19f298d32a4caf2b84268b92938de77e5cffbd723c9fb23892e661ebbdfba30
388,2c6d2b70ec1570bcb51dcb36fc94a8dbe6d6cf6b5591bc7b525e4b00b3f85f91
389,8f7494c4edf84943778ea5c70e78cefaff04b4b5690ce7a94a130b8813555705
390,1ac3ccde6a6d337575e73342dd4d9d95d5113278ac9991554e0edb8d52ee14c8
391,de729da120392cca3151c466154923acd17c789973d7062e6702639f4436aa76
392,607e8af16d429a68dbd4c81ecf30071724ab1986a256ed9e5c61ffe0f2cd38b4
393,6792433d1a6267c46fa1ae3fc37fe206060f3f4ed123cb15378bb67ac61fd521
394,007e3fbcf422ea65462ad04135a3eebe6d0d05d848ea54f862763e8fa253e44b
395,83fcf204ba996c7dc9c4f68eaf02fc61947b95316af9bdefa718df037f779c2c
396,1c44c50d2aaf955643e1ab6baa18658b2d24ed9d67066b98fe0bf899712a52d8
397,bccbdc8b954af797780c73fb16032218749c191abb9250487f9f9b4506f258f2
398,d3a0412d2e00abd99ba7cb80512cd472da23510f6593a434c1f1c6ecbb7faaf2
399,5e179554faae7988b08e3550c652d4645eff2573c76c41c227268979b631b822
400,d27133f936861d336d69452a7d16d1fa7b18db1aa60a10ad657ee3c42bdd5ed5
401,1e62ff63dac1c49fcf20557efb84bf292964b1ebe84449aae6dcb4460d007581
402,e68ead6b293ce698cdf6b651227a1fc90716cbae6a964ff0f4c08f49b02d8b09
403,073dcecb77876717aefe6510b0e8a13079528a11163f1213bcd7fef75c0a7fef
404,b7821281e6b5795462941288ca2eda5dc45306866ceba5670e6e9c678b648eb2
405,0ea43cdf2d0814ac509ea2f7cdb3a78836a59cf4ce9fca85332a049f41331ae7
406,186622c09ce26e7992e3d263703e8a569a48c7b76f78f109289c2b9855d32327
407,a24a36ffdf105df850ceb335f495cf139fb644e5e0e5c114b58f66e64816b3d7
408,9aacf262e0af7e83d22b460ef681a38d2a6fb30a42b3be0c64e8f3b94355d0a9
409,146e6b01942f35ba9a297fbcb3b2e333feea5e0757827b1f31934503c1b1515a
410,04a7b2d7fca57dafafb8d16d411cbe1e42f3e1b06dc7e106878f54e747598784
411,44086ee862ef4f7c4c81a6433463afec55b789b038c5344694804d66bd5d46c5
412,93d1d8029f7b5cfcbbff9a6dbbee682ec37dda025b30a34aeb545fd0fe18f4df
413,6028b028df3c495f9a67e5f7107b195eac35f364527fa28995956d9e00d70afa
414,ad5b7f3565597f6aa1e3965fd5aefa67f0494f0655f99b1386ea5e56d7fe22fc
415,21315cff16af7a65020d603c928cfc908aa599997bf1e587b0901c81f05ec9a1
416,ed142a33733f9a518bb18b592bacb374e855910fbfeea182b0e3bfcfffb3f9a9
417,731782e67b85e8d3f9ec435d27de746229ca726928d74545f7924637922342d3
418,7f0cbc344804d9579e5ef9a8246af06b6090159a9034de19f4faa9bcc7716646
419,ca337af538db0fd59d892bc435af5e6ee7259c82339909cbdc78db110906c069
420,7e70efe08b536e4f4454ebf30194ac0d72b0b8f57ef28a24b79cdca930401554
421,7112e6c128921fd5f8212a01c20adad42beb44757de960cf81373fb03b23c6f6
422,596be801496dde53a8e6ca61dbdcf6d3e1309a0bb6d4a62de8fda431d92e337c
423,bc17ada6ea2320a4a53f217ac16555f13d245633b56ff6536e2a44bcdcb40e69
424,f9b2837919b812603863aea6ad9679aef36e7b575f2db350e39e8233cdb973b4
425,84edddec6739098affac017dc667907f35f0dbe511b905add10745caf5c3e0b6
426,841f2b5b1f6f1d71705b6f23f80b87819d6e3cce055f30e1119d569b9e066629
427,9ad817490f8eadf45c64b6054ea6c24b8fdd5fffcda7ffd1765c6026729c62d7
428,18d62fc49b9f9717d2657410fcc488092e82fdf7178d45177d8f82eab37874f9
429,95b5acef58848d370895820e9f9813356a8cdd2f84ba2509034e549d67ba4f6e
430,7919fcdb38b2304dd54b8aae6dc2b8eaf435d8f1cfba4dedaf2037efefcf5aba
431,c2ed1d96a8eaabbbb266d1291204b587f7cabeb5b0c223cf24bfccda65ecacda
432,8614dbaa324b4c92a02006bdf7b8efbfb22e8a2350c1ed10af3c0b0c652541e0
433,d20fd9e1fd5745514fe303f01e14abd994927eec93be62cd729249d6e9e13cd6
434,edf3ee47caa87f898624e56d1009c536e3df6deaa14344da11c09380fb34a34b
435,35b127d2eb30a20eb41632349ce072dbf89429161d3616aad958897456bd5822
436,6fd4ce7b24c030a8b7d12f32d22b4e98e8d0907e1d82c1b67b0a847b76664512
437,a0e94c6084cb0a010f7b42833c9e410ee8862d03c447fc5996f5c7fe856258f0
438,73b375d89d2a0fca4e9d21fdb1e64695824b96bab3d047d51c4ccce884e52751
439,a33ce0914e4865f355bbb04c835ae1b9dee29853fd77690ace3fa3d627324b26
440,8a5b6081306896f715aad444b760003c48b1ad83bb7b8471bd6c184b4a73dda0
441,25a221c1c48e3977d4a33c07004620b0f16551174402700da8f544ed167470d8
442,554bb7b03aecbeef46e25b2a110a7856da3cc5f669d1e585a2e8526e559e6c49
443,21061b8a17593fabdd5c7ebed4724883774e59207749979a3ed99752e8839a80
444,d45db42aec2c2387c3397c853563e4f7c0b0a2a294025dfe6c2559a3f51c073d
445,f620da78abe60935f423379eaae92f95e10c2a1a72234c77ec7d9f958a33450d
446,ee30fbed9dd956bb34ef46c7bc7ff65f5c6223dd07ffd7906213797ff2df07cc
447,b64f5fc3194ddd38847604c824d19c1d5688e463fed08cfe6674b626e98fb8a5
448,fc6bca985de189984a24b5c33eff4a9543c0fb2461fd4232323a79cb71e8da2c
449,590da7f5153a1a29b7f201461101810d3af9b5ae10583fed47bedd29a01840a3
450,6886d7b34574504ce1565bb0e83967088a796a79a12a63deb082ce55728e0a6a
451,dd1725965e7cbc5c9f3186c93946a6b35403dd8bdb9ee6d81a1f27afa39ccbd2
452,94898e05bbfcc831cd90c1f82ba01d9f58198878ba5b807c991180fd4b050a72
453,6bfef02bb42749680a319044ab1c62bbc5d039ff23391e8a1ff2c372548f6ed5
454,1eb8b862dcb89ba8942d1e3aee95ddd4b7cc59bb6266fbcb6b165bb44948bddc
455,319ce504138075bc4ee225077e7ad8ed8ad18ba9e06fe8e4e4c80f1d61430950
456,b53f968313612879586fc9d44e0f19bbbd465b0bef2cb2ec5d289b76480087df
457,58d8f39d4dc889ebca598f57ea454844d79cfc415a1677d8a7dcc62c8ebc5b3c
458,84c28ee15a6a6b2fd21ada44cfe36f92532d8514f00fb20171e915cfd667663c
459,2d981dad33d119694c060ccc2ab5757e6cb5bcb82059334479ab2ece7b7ab0c4
460,91fd6d136f9cb77e0d2654c7847124f2c979c619f5bba000ac8f744391277a73
461,94e1966e5ef4372763fac408c6497a7c67f344e34273917c1dd34a97c2d5a176
462,9f260564dbf594f4a4b69ee977e5613728de29e7beb7d08d6735023347f49257
463,7380b13c7a82b638b13bccef91651c1dd5392a02b9b9f4dff061b0db094426f3
464,32b487cf829654f2ba8e84894c5ff6a457ecca318b7f2f44a6bb345d0f2d66a8
465,a9008c4c7c37e327f2dc8cba326543f7194cd8fbc03fbd500e397c97d639ef1d
466,9eb4af2b94da2522b651667007063f9970bfce080a7a22730173e9372c8399ca
467,1df442ad52f0ad72546916973074aa48b550c33b3f51291a08d44907454f9f7d
468,b359235d29bec5155d5d9df5bbe6960b4f04bd585d03cd0b5e387ec6d0d0e103
469,d88d8cc4f5d780b329dadf7d2cd465a309eee2d6b70d8e552421f793b2955ead
470,7149dfba6cca7a0dc657a66099012bc5f238328909f462046eba94138a80958f
471,d4f854e01ac7ebc5facb5d8ef5945401c49cf4befefe7ee2e8994386655ecf30
472,95702199a878b2048bf82b87862acdda246105d18f8528f3ffe1a4d4452de6d4
473,d1757b6f0e4637d972ee9d8eae872f742e16f8730da816064f7103cc1ea285af
474,0a8025f52a4f30d889bc65cff10dcb7e140d670f0981e5369a6f002388cb1af8
475,febd81e91611255ab89426bed09c2d7cf11ad8eb584b1251395b3a5325aa44ea
476,bd8fa268bfec8a0ddd7b4cab674e593f63c7573a09c380eae5a85e18ee070b4c
477,8bb82fff3f120a83364c6cff7655002abebc7b026d42bf77d8ce2fd122046057
478,78007b7be7642802c4b1506924d5817cef41d63318ef3fd7e0c788ce540b654c
479,02188466aa75cf48aeecb6e7d213588869520fca85791dfe412aeaf8c712c42d
480,7ce33eeabb928902c14f36d37006af0aa93cf24c8c42a123fe703adb80c99b4e
481,69c69658240c5ddf719ecb41768a10c91f584c5998299589703c1dba411bf0d9
482,81dcd66a8517b903c63cf3a5fd0ee4a0d35d7bf03788df668ec7178105929bf2
483,4c87300ad6537e361c4cc6d9f99d2b3db7f661740258592bad94d54130407627
484,60e3830eff60fd148e25671e6c640b6bfe32bb233e394b986e30ae444f34b375
485,5b991f0a59da64fced6a40cd6c360a45078cf42655f4805b75b9b6862085f541
486,786f6b261bfe06496eaf140f2c19cb15ead4d8cc2350813b0f2202bd0d0bcbe1
487,6dc57a57a4f27c40f62e7d14ab033f975f46b0545fcb9b8ee60c46f11e7d9946
488,e39376320aa7bf0d3ef3fc4a0429732e8e79acb4608f473963efe4d81f2323e8
489,c307f8251d42752c39978bb62eda31788d851b0874241737cb142a7642cc11df
490,d83eb834ed5cd5e0f3b6cb188c942f274bf12b3b03d45deda5193bf0468e5ee8
491,c83c9278506b2931e2595355c7812c8502ff17b6ca8ea23b5a204c600fff07ef
492,d4e9a228889ff2381141bbca70a3db7b67b81281b5970d73b086de4f143e73fb
493,7bffca24e6abe48cb48d39cccbc5a498378bd7f684f16007d2812786c1f450fb
494,12ebf9eadb9c24c2afb5ccbd5b78cca3c9b7215ba955514a4a15e4974478cf53
495,dccf9c83239b1531556d2d4a13e07c46753ebb4f2c16ffe7583f1ece0dcdf0fb
496,6c130cbfc0f31a99a8cc7c2cad2d8b91595a0753041537a7770dc68ef56e472a
497,193306bb14f03f26370ebd9e1832a6138577ddcc4d936a1bb00b099f642ed451
498,1bbfab34f0565a73bfab882184254a3a07143ec872fbada7592d8939e41f70d5
499,7e16c52ad30cf012da08fc481d0695d6093ccc9f967ba3589db16049aaadfbfe
500,c93756697cb1097fd804cd368271b46f0630fd7d76088434bbc247ed2259295d
501,3fd65061346bb03173521d72cc2f2648b6785923705fe0260f136282824c8d7a
502,b6265d41a20f9c2edeebae742b6b07cca03b9e9d1b1d3cc991225ea35b1c8f01
503,389529d2a7132c385c1ffb82a2b4fb263abb0e266880b894edc60759adf83cf0
504,d6acc1eeda32a0d1bc7e1d268e44b5de8c2b3e91d1258e26c1d8c28334f2f39e
505,47115c21c87a47f30a546bfb64a5b916f723cce29de003d3a31baeef5ca90c16
506,b7197e2ee8122f4fd0c3e558d29ee3824867c59559ca55da9e6b7a2c73a95bc7
507,8e94e62bf1d402e647a2f111344f9fb1c5349c136812c5d311ee0adb9f3fdea7
508,7cb675c4c6f795a0a62dcc148290f4d2d75a1fcf0c3e4f3e96b15b248d2d4bd1
509,3621aae37b807e4be2837dc13d11f389c5e1b895c7c156d9787b9eccb781b97c
510,ff811a2a1c43298ac2004004f97b27ea76163416eb372b7c5e19d0e8d677f589
511,2af566325fc3766e9f9be5f8faefef0ba7b505f3a436e358ad7b72fe724a5be6
512,369c23fc153b49ae06efdadc7ba6c9343a2c5c3077451fdf187d4226f2c8fc0c
513,c4c88781a66e658862e1f86d386f5a7cd625ac32e6af275ae1019f2ac921cf3c
514,cb744830fd6bf6100e4fa126643256aba0e6ad7c8a6dfde95081b7212b934654
515,893ac98bc7393d142058a0e442f5bd9d83048c06e0c30857dc2bb122b1b3f3bb
516,7c99c82b48a30c7100abf701a542ee0a6fe8fe6384686e3595c793ded35cd5d8
517,c5bbb32a0874f020d2e7e9dffc76d4f21da314f71d272cc9fdf24d8564d86b85
518,31e3da687fcb8eca30e3632de0234f1edebef06ad86c2caeb90766776473ab33
519,0572e8681a78f8e0c4739222e0b63662a55038617b9a932b4381bc58fbba97a9
520,69b9a344c9e34bd42be8e8c18a022375acd18d22b84a65fde810439dc91d7baf
521,5b8f364be74076e84e4baa8457ae2ebcb38d07b703478a43a017c1e4e1545a85
522,8ac8a06c2a5abe8e30d4b9938adf99e4d029acdbe1123e68331abfb20bde5eb3
523,f92cb3e5a7bc88edaa7f24c02773e7c0d5129606ad54da0da2c6ea1ab3970734
524,99347cb9edf3aa4eb674f5ab64f8177d852909ad2b34f1730d9b38c9900669bf
525,40cd3e5d72691aa7a2400e34cf5b1102b31c874c56e723f66ea93e129ce854fb
526,7bea75c53149c61f599d48b7fec1875c7cba5d9547eb351fbcb3a48c4c567749
527,bf613b68806bcb61665a086e8540d19257a9668f0d3a4bd716d7cfe38a01e21c
528,8814b530436e85608ffe69ed148ccb2a3ed2b13e3825de55db91f9717ea7e821
529,76d8b0afd643350e186acdadddfedf81c2d14c0d8cac8ec286dca5626d5a0415
530,c3dc868f0bf4a78f6851e0ce4510952b5ee4f985b0bf2fc49db58adfba1bf83f
531,ba54aa2dfa905ac234fa1740ad1e8157da92d9964f0c08a190f1f049948f8483
532,1187be531dd38f071e1418a42a588f3e9d4ef28fbf2f836f6d5681a5beaaed82
533,75ac9533a033aa5793b4646dcdcac47931ee2ec3d63210e479f9cf406caedb12
534,3f115d1d6841f8e55f34f119eb687bd87330b9a1833adca31f96db128d7adc3d
535,fc15801c6021de414a2864074ee8cae4bfe68020db45314829617026238ee398
536,c24687b9584dc796895e4c5546ea68f6a8b325d976b0f6ebe3f8d8bcde742acd
537,32becd0415c6dce46fa07a6ec7d6865fc7ec8b7dc23926fcbc691d4aea5e8d2b
538,7ae9af362ab8d00e0b38b708c5eddbda16f2e5c6f3a23ca9d62aabeb158973b4
539,87525deea534d72bdde0dff9360ce2e93c8b8c991398f2dccf7578a613a85ea6
540,7c00de018a10331070d6b54bee500dbeba0556cc86d13cb6627b329468443cd0
541,71a09f8f6b3074c93064bfa34dd993aeca40c809d5f6b7dcf575060715009b9d
542,0942e68eaa72db4b92092deda3ec83c7565506025701e1ac071738b0164deb9c
543,f1fa66df234b22e7efa31172d0802f0a2e292c51c56915c856fecf6fd9dc1c82
544,0469a6d3359a298b98820cbd65b277f26d45e179b128e46b55974666847a21cc
545,b8de64c8f7151fc480b9d9a7831d851295a878dff116493dde490bbd13dd7103
546,6abd8c3d80a6b16abb2e3fd4a1ca958e36457d23447f5b011ec7241a35d5627b
547,e9cb8669707b9d92b7ccb8b9b4bb1431fbdedc5820e1c3ee45ad4006de9470c4
548,5b9970d5c630252875f3a0c3d01fa643dac5dbc7df31362827d28a258c0578cb
549,1a05f56859118ac7a94b243a0ab824453e5b34cb5225e85e559b8fa08d951332
550,b59974f0634d098c8e7bdb63500f946b56756650d8b4c7574b4e60ca2baef225
551,e1ce10dc3e7ae44197115e45550fa20eb9b61a628045a0ee6c83bd9efa258753
552,9e2212323ba690f71dffbe2e0bd5dc56112a64ccd479e4c6c793d3aa52890a75
553,b85fccf53b57bdf85ef8ad22598fc08a7a1d11de07f4893aacca348f935567b2
554,b8cf05a24a4772e106637937b983a47f3f2c6b21a17fc8b29e5a7978573ea34d
555,e4c16e765cd980ca47b3e9c0ad196ffaa9f71fa41f288c4e387ba2d6d7dd6f89
556,4ea780a3a5a21f19dcf0490c224af356dd5524f07f3fe7e8228aad12eb6caf55
557,21bb57782e0d532230dd26517857b1551d8012ecaf641d3761427136c565552b
558,88bf3aa92f38a174f37ba053ee0ea092c5a15d737048d283e14f42645d008be4
559,8f1f8a6d418b1b8d04de8da2d13106cfa6d21502de2a34f7073f331529c01efc
560,1d42ab6c8d7e69c759dce5bfe65034aefe4935a8415515ae162a6583bdb0e2d8
561,91f568be3c53921c04dbd51f2cc561f253ebbbc5d1e4112ef5dbe8ec6029cd71
562,273d58b14644e090c92332512ae29c3663cb277bfe2c74216de47309aad766fb
563,7b94aa124027801f3511a1aebc04fd887e24e907aa678782ac23ac415564776c
564,ef08208379f962fa37b99a2f3e15c97e9ac3248c2376f4b6294d948c7b01a966
565,c9e6e100a332581f5c0180782f77a0b3d33ff4f7e8e19d6e601444922bddd8ee
566,f601b3b435a6b3a7964ca6503af708e6e8dcbae819dda17df612f04a31632e95
567,2a8b6ed190f79ddf6d9e02bb889bc68133b2ae6aeda99c23dffa2090822c77ae
568,71e472427090ec6de15d84f289aea7a8c9d5e9b555b5765a935d4851cda7c3c7
569,b93179b0e29bb05a063d56a235ab126dc6dcb452ba2b3ce5b2ddb75649d5d6d6
570,3e200c0453070eb99fc15fea092bc8dfb9e1e5ca77917afc0422065c825ac774
571,575f05c43fd7c148542b0fbab1bde65c1b94a0a921ad82a557424279aac653f4
572,90cfd55fbff7d3df613cc1d952fb4e580cd9caf7a0e862718ada50456a7f38fe
573,35b73e6baebe804517cea71d847a51d6d211714d2bd2c68e45547aef300085c9
574,500b14da6d5dd1265648dfda9a74098b9c67fd1ae76ffdb2ebd5ba77afd43554
575,6df4a2eb51e6b83684fef798567747760979e24ced5eb40c9c4e6b60906689e9
576,7b158dc0e2c434b77065969c3f0fb72857ed94d01b074f7f536bb8bf9163e0f9
577,7b0ab69d34ab94cc53b46aa958c8469b036436fe576e8dbe247048fed8d6803a
578,f9885d306e6c6b4bd2406a50cab9fedadda1e182dabb0d9728f34d77335d499e
579,f2b8e22bae0fd707a780f3be88c3b7a23ccc1a93f15c819d30ea9d35ec67a849
580,b9dda09ffce2193781962dcf826dad3dbc30d94dd33f981c9fdf12e0a8955f85
581,6c2240089a555b12b17bc653eaada27793e3697ab13200d0deb3f74f40f13019
582,def0216d9efd2ee3e1cc929f2107393715d3da1a0ef07d30e1bce9b720f01fa8
583,fecac645e5019278e3c0306c05d1d98f0e53652e2cbf220d36237f220f10656b
584,81b02c9dd59652c5abde8bb931865c51de95532dd6b66f9e72a86844bd4726df
585,d6654a85c4a66d7d20570184985c7fbe344963cddd627632d948c6fcdb4a6b91
586,35012b5f8b5fb5791d4c14617081fa3eb50e34b0f4748f1e84712b4199abff2c
587,4b5f36ce58f4dd0ca95bc1bc4bf7a496e5faf83630ec151c9cdfe06c8058e1d8
588,62aaeb52569d2d7038b7b70133c17f173091ef649d9e48602f77ec47b47ef2a1
589,e24cefbd72e0034264ad04592300787942f5b51720261f4006c463bd2d94d096
590,735a0f89af5ad2a312e3b8b938224fe27b25ff78e1b598034c7cc779b333892a
591,40cf6c121a343786be154d23b9a6c3cf914912fdc694205d12c38bbbe1ce1e3f
592,8fdd30ccc43caee3d9fc34d49c3a6d98dc5f4f75a43d2e2a3e725464aa368047
593,567447ac420108217493dc3c2cb4a99cb383e1be775d080852a5cc8d828433f4
594,c6582d52c98b707dd3cc2e704228535a8ce0c32971c82ae4e632da21d41c671f
595,58bae19fe65e4260835d42cc8e72600da1e57b3fff6931366dd0bfc05daf9309
596,321f7e39dc50928a9ca0caff694ef7c1751b7a0b287bf39ee7a2aa97730763a9
597,0715613bc4102830bf85b2a46aab3a9a6320e66b7f2558b9d379c2d67e7f0088
598,f27d1d9edd7c76b5e46d552a2507e6b598a9d69459c647b76971b0eab6b51da3
599,013f257bc523614da3d9893dab51cf180cd584fa420afaf83e1a5e9bfd27b348
600,482013c46453e72bf8ec6331ff887b5b19a9420d02e798c9803466e9f09c46a9
601,c9ee08485fcb358eb5e2f89878e33f43b54f41214f181d0e3e1e93d029933f1d
602,58de4b556c57948ad62b5edf795d4cbaaee149004616e0c78ff3f2de4e32a515
603,060cb441d327045cf6c9a411a516fa6fe6d773139a91a15514580b195e372a39
604,4be32f6f9c1fc5fe038e60cb7be4b2b03ead5d34468b1877bfcf22fc120cb806
605,8b6ddde327629e257c21469a1b779e05fb9202ad1e60009c12a730bfe09d27f2
606,41ab242a103179bd006c59d77b22dd73436bf246227aa963157632096264cb61
607,0dd8b4812b150c5cb7dd529336a148c5576c3f120dd52369390d2f1f100a4cd0
608,062848dfe3c669e06217d8042ca5a5960773a8731ae2a28cfd67361b5029cd07
609,478f28571a4fb0e183946567347592a8a88f4b82d8739d7d7d3297ee74212673
610,ea2cc883029cf434d75933da81dd3c77fca43f0521119aa75187662e5dac8315
611,2454dbe3923d97d6e1e5151e4ba284d2cf3c76b0efeb480004fe5da3cb1ba215
612,26cd83efacb0a038b1ea774d8d9858a622320fb72fa4d85e7b598f5813d0a353
613,0b147f02067ee0def30fcc993eaf22fc2e431df4b85c09b809a0ddbf28475227
614,53f269f0a6f1a8c0923d74a60778a01f2849bca4d6540ede0ffec98d62e739e0
615,ce90890e69cfd02e862265c9ca26896b7a4faf1ce5072c3c2035d30f320411e2
616,908cacf8c66ea713c052bb5caf941336808850615401fd1ddae0be96d9513ca1
617,297dcff9eb9d4a71dd71ebc48b5fd79ae455e52f2e1d3668de9fadd6df7cf8f6
618,7272719ad044a44de381f54d230597ae2b1f78d2d769184dba8374ad0fc9e99d
619,71c9785fb31eb368761e7d15bc67e3ad106b5742f614681ca7082e365adc385f
620,633358cd66f6d7a9f1bc883cb38215d4df918643fbe0ee114521625460c71fd4
621,2ee15134724b5354c8a9d1d5a3db385a6c5eb57a5d86fe92e05ccda6ca7c8e55
622,ef9721706612de4a9e8df1d51edfa5ea653f2905d8378d120aae0629045ed6ca
623,6a3f440e38c0bef16caf35412ec7c62ac563990e4fb2ce330162373176335d61
624,4e692d16da62d3409f3a5eed5fcabb7b440d3bc3314269a1bb8c763cb00108cb
625,0d8e58eb896382be15d72434142b13a3f7902bfc5c5603266bb205f1ce68ede1
626,fd90501730e6e06af838a05a3e6fda9efd18ed174b8906f07a9a230e5c3900b3
627,1ed3fc5b1d40c738a7a8ffd20aad6cae0f87b9478d2b6a063fa40442e7b8f3df
628,56c393bb98192c04523cac98c2db5792fb766dc1fb7a87ae6664f42465f60cb5
629,6380e105f603c8dfccdf750c94e2a220c5ea3775a3e6e0ba2f894fdef22f5710
630,6fa8200f8d6986833d1eabad493a57ef3453847a43a1b26647fc69e5771c96ed
631,ec0386a851cd8b266f7c9463ae3aa47049053bfa9cf4a672eeb885399a82da48
632,4afa9a6c8828d306b90c46116656849af974def1a99908917b337b5f7299cb03
633,c429fd335040549beb3a38136ddae4d3698888331e4c96d710fd5009532c7b6b
